{
	"format_version": "1.8.0",
	"animations": {
		"tacreload": {
			"animation_length": 2,
			"bones": {
				"gun": {
					"rotation": {
						"0.0": [0, 0, 0],
						"0.0417": [-0.40115, -0.13473, 0.40198],
						"0.0833": [-1.46113, -0.49074, 1.46415],
						"0.125": [-2.93517, -0.98581, 2.94124],
						"0.1667": [-4.55059, -1.52837, 4.56],
						"0.2083": [-6.02464, -2.02345, 6.03709],
						"0.25": [-7.08461, -2.37945, 7.09926],
						"0.2917": [-7.48576, -2.51418, 7.50124],
						"0.3333": [-7.80348, -2.30352, 7.92581],
						"0.375": [-8.74967, -1.67642, 9.19155],
						"0.4583": [-11.51354, 0.15261, 12.90275],
						"0.5": [-12.44829, 0.76842, 14.17183],
						"0.5417": [-12.7499, 0.96318, 14.60112],
						"0.6667": [-15.1974, 1.51071, 17.03917],
						"0.7083": [-12.82293, -4.62781, 13.53505],
						"0.7917": [-20.50542, -4.07125, 15.98381],
						"0.9583": [-35.3391, -5.51923, 13.9357],
						"1.0833": [-41.00061, -8.07766, 18.60242],
						"1.2083": [-41.69784, -8.51907, 25.72903],
						"1.2917": [-44.40006, -3.31789, 27.64533],
						"1.5417": [-16.16532, -2.84412, 16.97062],
						"1.75": [-8.1722, -0.7128, 13.44062],
						"2.0": [0, 0, 0]
					},
					"position": {
						"0.0": [0, 0, 0],
						"0.0417": [-0.08038, -0.05359, -0.10718],
						"0.0833": [-0.29278, -0.19519, -0.39037],
						"0.125": [-0.58815, -0.3921, -0.7842],
						"0.1667": [-0.91185, -0.6079, -1.2158],
						"0.2083": [-1.20722, -0.80481, -1.60963],
						"0.25": [-1.41962, -0.94641, -1.89282],
						"0.2917": [-1.5, -1, -2],
						"0.3333": [-1.5599, -0.85025, -1.98802],
						"0.375": [-1.73844, -0.40391, -1.95231],
						"0.4583": [-2.26156, 0.90391, -1.84769],
						"0.5": [-2.4401, 1.35025, -1.81198],
						"0.5417": [-2.5, 1.5, -1.8],
						"0.6667": [-2.5, 1.5, -2],
						"0.7083": [-2.5, 0.5, -1.9],
						"0.7917": [-2.5, 2, -1.8],
						"0.9583": [-3, 2, -2],
						"1.0833": [-3, 2, -2],
						"1.2083": [-3, 2, -2],
						"1.2917": [-2.5, 2.5, -1.7],
						"1.5417": [-1.54, -0.38, -2.02],
						"1.75": [-0.77, 0.5, -0.5],
						"2.0": [0, 0, 0]
					}
				},
				"ammo": {
					"rotation": {
						"0.0": [-59.61874, 8.64917, 5.03837],
						"0.2917": [-59.61874, 8.64917, 5.03837],
						"0.5833": [-0.17462, 4.53232, 29.48793],
						"0.7917": [-2.46645, 4.85932, 31.97656],
						"1.0": [-6.39076, 0.49281, 2.25914],
						"1.25": [0, 0, 0],
						"1.6667": [0, 0, 0],
						"2.0": [0, 0, 0]
					},
					"position": {
						"0.0": [0, -8, -11],
						"0.2917": [0, -8, -11],
						"0.5833": [-0.5, -0.5, -1.25],
						"0.7917": [-0.5, -2.5, -1.2],
						"1.0": [-0.5, -2.5, -1],
						"1.25": [0, 0, 0],
						"1.6667": [0, 0, 0],
						"2.0": [0, 0, 0]
					}
				},
				"extra_ammo": {
					"rotation": {
						"0.0": [0, 0, 0],
						"0.5833": [0, 0, 0],
						"0.75": [2.5, 0, 0],
						"0.9583": [0, 0, -27.5],
						"1.25": [0, 0, -40],
						"1.5833": [0, 0, -40],
						"2.0": [0, 0, -40]
					},
					"position": {
						"0.0": [0, 0, 0],
						"0.5833": [0, 0, 0],
						"0.6667": [0, -1.2, -0.5],
						"0.75": [0, -3, 0],
						"0.9583": [-1, -3, 0],
						"1.25": [0, 0.5, 0.7],
						"1.4167": [-2, -4.5, 1.78],
						"1.5833": [3, -8, -8],
						"2.0": [3, -8, -8]
					}
				},
				"left_arm": {
					"rotation": {
						"0.0": [-80, -55, 0],
						"0.2917": [-63.54027, -59.91309, -1.63],
						"0.4583": [-47.59338, -39.81801, -27.36126],
						"0.5417": [-59.29109, -62.22356, -3.59927],
						"0.5833": [-53.33251, -68.68998, -12.85334],
						"0.6667": [-55.83, -68.69, -12.85],
						"1.0": [-54.588, -70.77494, -16.83813],
						"1.25": [-53.80069, -68.80674, -12.35395],
						"1.4167": [-66.31094, -57.90339, 1.57062],
						"1.5833": [-80, -55, 0],
						"1.7083": [-80, -55, 0],
						"2.0": [-80, -55, 0]
					},
					"position": {
						"0.0": [2, 0.1, -8.5],
						"0.2917": [8.1, -11.9, -18.3],
						"0.4583": [7.1, -7.9, -12.8],
						"0.5417": [7.1, -6.9, -7.3],
						"0.5833": [8.6, -5.2, -4],
						"0.6667": [8.6, -5.2, -4],
						"0.75": [8.6, -6.2, -3.9],
						"1.0": [8.6, -6.7, -3.5],
						"1.25": [8.6, -5.7, -3],
						"1.4167": [5, -11.7, -3.9],
						"1.5833": [11, -11.7, -15],
						"1.7083": [2, 0.1, -8.5],
						"2.0": [2, 0.1, -8.5]
					},
					"scale": [0.75, 1.25, 0.75]
				}
			}
		},
		"reload": {
			"animation_length": 2,
			"bones": {
				"gun": {
					"rotation": {
						"0.0": [0, 0, 0],
						"0.25": [-16.72074, -9.1738, 22.57284],
						"0.2917": [-20.63572, -12.44431, 28.94637],
						"0.375": [-18.78478, -20.5197, 20.89939],
						"0.5": [-21.92245, -22.59955, 30.32395],
						"0.8333": [-44.96326, -24.37067, 32.22967],
						"1.0417": [-41.50683, -27.38689, 24.59823],
						"1.125": [-43.14288, -33.33795, 11.27046],
						"1.2083": [-37.70598, -24.04688, 14.82009],
						"1.3333": [-24.75404, -17.58251, 9.03618],
						"1.5417": [53.58167, -14.35813, 23.17331],
						"1.7083": [61.32859, -4.06495, 20.60243],
						"2.0": [0, 0, 0]
					},
					"position": {
						"0.0": [0, 0, 0],
						"0.25": [-2, 1.5, -1],
						"0.2917": [-1.5, 2, -1],
						"0.375": [-1.5, 1, -1],
						"0.5": [-2, 1.5, -1],
						"0.8333": [-2, 0.5, -1.5],
						"1.0417": [-2, 1.5, -2],
						"1.125": [-2, 2, -2],
						"1.2083": [-2.5, 1.5, -2],
						"1.3333": [-2, 1, -2],
						"1.5417": [-2, 0, -3],
						"1.7083": [-2, 1, -3],
						"2.0": [0, 0, 0]
					}
				},
				"ammo": {
					"rotation": {
						"0.0": [0, 0, 0],
						"0.2917": [0, 0, 0],
						"0.375": [0, 0, 0],
						"0.5833": [-64.88733, 1.29876, 9.91615],
						"0.8333": [-150.24197, 24.17727, -24.00909],
						"0.875": [-14.65993, 3.21132, 12.08681],
						"1.125": [0, 0, 0],
						"2.0": [0, 0, 0]
					},
					"position": {
						"0.0": [0, 0, 0],
						"0.2917": [0, 0, 0],
						"0.375": [0, -1, 0],
						"0.5833": [-4, -4, -3],
						"0.8333": [-27, -53, 10],
						"0.875": [6, -9, -7],
						"1.125": [0, 0, 0],
						"2.0": [0, 0, 0]
					}
				},
				"slide": {
					"position": {
						"0.0": [0, 0, 0],
						"1.5417": [0, 0, 0],
						"1.7083": [2, 0, 0],
						"1.7917": [0, 0, 0],
						"2.0": [0, 0, 0]
					}
				},
				"extra_ammo": {
					"rotation": {
						"0.0": [0, 0, 0],
						"0.2917": [0, 0, 0],
						"0.375": [0, 0, 0],
						"0.5833": [-64.88733, 1.29876, 9.91615],
						"0.8333": [-150.24197, 24.17727, -24.00909],
						"0.875": [-14.65993, 3.21132, 12.08681],
						"1.125": [0, 0, 0],
						"2.0": [0, 0, 0]
					},
					"position": {
						"0.0": [0, 0, 0],
						"0.2917": [0, 0, 0],
						"0.375": [0, -1, 0],
						"0.5833": [-4, -4, -3],
						"0.8333": [-27, -53, 10],
						"0.875": [6, -9, -7],
						"1.125": [0, 0, 0],
						"2.0": [0, 0, 0]
					}
				},
				"left_arm": {
					"rotation": {
						"0.0": [-80, -55, 0],
						"0.125": [-78.54027, -59.91309, -1.63],
						"0.2083": [-81.50589, -47.59348, 2.02601],
						"0.3333": [-89.80763, -45.66063, 13.20168],
						"0.5": [-102.45499, -30.98312, 36.76105],
						"0.5833": [-114.69951, -22.85485, 63.36514],
						"0.8333": [-60.84311, -41.75882, -22.738],
						"0.875": [-64.10303, -50.92112, -28.57548],
						"1.0417": [-62.71136, -64.04314, 0.24658],
						"1.125": [-31.6, -50.92, -28.58],
						"1.2083": [-64.1, -50.92, -28.58],
						"1.3333": [-39.47856, -59.64906, -37.2133],
						"1.5417": [-126.77734, -68.75019, 19.2576],
						"1.7083": [-129.28, -68.75, 19.26],
						"1.7917": [-111.78, -68.75, 19.26],
						"1.875": [-97.8734, -69.31723, 11.8534],
						"2.0": [-80, -55, 0]
					},
					"position": {
						"0.0": [2, 0.1, -8.5],
						"0.125": [5.1, -1.9, -7.3],
						"0.2083": [6.6, -1.9, -9],
						"0.3333": [6.6, -1.9, -9],
						"0.5": [1.6, -3.9, -12],
						"0.5833": [-0.4, -5.6, -14],
						"0.8333": [7.6, -11.6, -11],
						"0.875": [14.1, -7.6, -13.5],
						"1.0417": [9.1, -7.6, -6],
						"1.125": [7.1, -6.6, -4.3],
						"1.2083": [8.1, -1.6, -7.8],
						"1.3333": [8.1, -1.6, -7.8],
						"1.4167": [10.1, 6.4, -7.8],
						"1.5417": [8.1, 9.4, -2],
						"1.7083": [10.1, 9.4, -2],