{
	"format_version": "1.8.0",
	"animations": {
		"reload": {
			"animation_length": 2,
			"bones": {
				"gun": {
					"rotation": {
						"0.0": [0, 0, 0],
						"0.0417": [-0.40115, -0.13473, 0.40198],
						"0.0833": [-1.46113, -0.49074, 1.46415],
						"0.125": [-2.93517, -0.98581, 2.94124],
						"0.1667": [-4.55059, -1.52837, 4.56],
						"0.2083": [-6.02464, -2.02345, 6.03709],
						"0.25": [-7.08461, -2.37945, 7.09926],
						"0.2917": [-7.48576, -2.51418, 7.50124],
						"0.3333": [-7.60461, -2.6845, 7.75336],
						"0.375": [-8.1219, -3.42362, 8.85385],
						"0.4167": [-9.21793, -4.98302, 11.19464],
						"0.4583": [-10.53112, -6.84289, 14.01099],
						"0.5": [-11.72, -8.52, 16.57],
						"0.625": [-28.75829, -10.92691, 27.15805],
						"0.7083": [-29.17925, -9.7386, 29.38308],
						"0.875": [-23.9764, -13.21626, 28.1944],
						"1.1667": [-47.45102, -16.62985, 31.97606],
						"1.25": [-49.95, -16.63, 31.98],
						"1.3333": [-51.14902, -9.30515, 31.86179],
						"1.5833": [-38.58, -12.74, 19.96],
						"1.75": [-50.66943, -11.16229, 17.97767],
						"2.0": [0, 0, 0]
					},
					"position": {
						"0.0": [0, 0, 0],
						"0.0417": [-0.08038, -0.05359, -0.10718],
						"0.0833": [-0.29278, -0.19519, -0.39037],
						"0.125": [-0.58815, -0.3921, -0.7842],
						"0.1667": [-0.91185, -0.6079, -1.2158],
						"0.2083": [-1.20722, -0.80481, -1.60963],
						"0.25": [-1.41962, -0.94641, -1.89282],
						"0.2917": [-1.5, -1, -2],
						"0.3333": [-1.52086, -0.94812, -1.99315],
						"0.375": [-1.6119, -0.73473, -1.96849],
						"0.4167": [-1.80551, -0.31958, -1.93151],
						"0.4583": [-2.03841, 0.13024, -1.90685],
						"0.5": [-2.25, 0.5, -1.9],
						"0.625": [-3, 1.4, -2.9],
						"0.7083": [-3.4, 1.5, -3],
						"0.875": [-6.5, 2, -2],
						"1.1667": [-4.2, 1.6, -2.2],
						"1.25": [-3, 1.6, -2.2],
						"1.3333": [-2.6, 1.5, -1.5],
						"1.5833": [-2.8, 1.1, -2.5],
						"1.75": [-1.5, 1.5, -2],
						"2.0": [0, 0, 0]
					}
				},
				"extra_ammo": {
					"rotation": {
						"0.0": [0, 0, 0],
						"0.625": [0, 0, 0],
						"0.7083": [0, 0, 13.33],
						"0.875": [-36.40051, 32.92753, 77.23051],
						"0.9583": [-36.40051, 32.92753, 77.23051],
						"1.0833": [-14.47, 25.07, 98.45],
						"1.5": [29.39, 9.34, 140.88],
						"2.0": [73.25, -6.38, 183.31]
					},
					"position": {
						"0.0": [0, 0, 0],
						"0.625": [0, 0, 0],
						"0.7083": [-1.33, -1.33, 0],
						"0.875": [-11.33, -5.33, -1],
						"0.9583": [-11.33, -5.33, -1],
						"1.0833": [-12.73, -10.93, 1],
						"1.25": [-13.97, -22.89, 8.53],
						"1.5": [5.67, -33.33, 9],
						"2.0": [-18.33, -33.33, -4]
					}
				},
				"left_arm": {
					"rotation": {
						"0.0": [-80, -55, 0.1],
						"0.2917": [-63.54027, -59.91309, -1.63],
						"0.3333": [-70.67932, -53.05867, 3.92325],
						"0.5": [-45.69457, -40.06901, -23.18919],
						"0.625": [-72.0201, -36.69764, 12.80507],
						"0.7083": [-68.08477, -48.46236, 7.02737],
						"0.875": [-39.79847, -45.46957, -31.01814],
						"1.0417": [-97.09458, -65.54936, 35.36979],
						"1.0833": [-78.99399, -63.0276, 18.28892],
						"1.125": [-62.60582, -55.59906, 3.15663],
						"1.3333": [-65.54978, -51.10095, 6.82091],
						"1.5833": [-58.01348, -80.74948, 10.28551],
						"1.75": [-53.01, -80.75, 10.29],
						"1.8333": [-53.01, -80.75, 10.29],
						"2.0": [-80, -55, 0.1]
					},
					"position": {
						"0.0": [2, 0.1, -8.5],
						"0.2917": [8.1, -11.9, -18.3],
						"0.3333": [7.1, -12.9, -17.3],
						"0.5": [6.1, -9.3, -12.3],
						"0.625": [4, -6, -12.3],
						"0.7083": [6, -7, -9.3],
						"0.875": [6, -5.5, -6.5],
						"0.9167": [5.5, -6.02, -7.2],
						"0.9583": [5, -6.55, -6.75],
						"1.0417": [6, -7.6, -5],
						"1.125": [5, -8, -5.3],
						"1.3333": [5.4, -6.35, -7.2],
						"1.4167": [4.4, -9.35, -7],
						"1.5833": [4.5, -5.5, -2.3],
						"1.75": [5.5, -6.5, -2.3],
						"1.8333": [5.5, -6.5, -2.3],
						"2.0": [2, 0.1, -8.5]
					},
					"scale": {
						"0.0": [0.75, 1.25, 0.75],
						"2.0": [0.75, 1.25, 0.75]
					}
				},
				"ammo": {
					"rotation": {
						"0.0": [-59.61874, 8.64917, 5.03837],
						"0.3333": [-59.61874, 8.64917, 5.03837],
						"0.625": [-56.30993, 25.65891, 16.10211],
						"0.7083": [-58.9, -1.16, 5.55],
						"0.8333": [-51.22112, -34.45739, -18.19526],
						"1.0": [-26.42834, -14.62443, -24.86084],
						"1.125": [0, 0, 0],
						"2.0": [0, 0, 0]
					},
					"position": {
						"0.0": [0, -8, -11],
						"0.3333": [0, -8, -11],
						"0.625": [0, -1, -3],
						"0.7083": [0.13, -1, -1],
						"0.875": [-2.27, 1.2, 0.6],
						"1.0": [-2.27, -0.8, 0.6],
						"1.125": [-1.1, -1.9, 0.6],
						"1.2917": [0, 0, 0],
						"2.0": [0, 0, 0]
					}
				},
				"slide": {
					"rotation": {
						"0.0": [0, 0, 0],
						"2.0": [0, 0, 0]
					},
					"position": {
						"0.0": [0, 0, 0],
						"1.5833": [0, 0, 0],
						"1.7083": [2, 0, 0],
						"2.0": [0, 0, 0]
					}
				}
			}
		},
		"tacreload": {
			"animation_length": 2,
			"bones": {
				"gun": {
					"rotation": {
						"0.0": [0, 0, 0],
						"0.0417": [-0.36459, -0.12245, 0.36534],
						"0.0833": [-1.2485, -0.41932, 1.25108],
						"0.125": [-2.42798, -0.81547, 2.433],
						"0.2083": [-5.05778, -1.69872, 5.06824],
						"0.25": [-6.23726, -2.09486, 6.25016],
						"0.2917": [-7.12118, -2.39173, 7.1359],
						"0.3333": [-7.48576, -2.51418, 7.50124],
						"0.375": [-7.60461, -2.6845, 7.75336],
						"0.4167": [-8.1219, -3.42362, 8.85385],
						"0.4583": [-9.21793, -4.98302, 11.19464],
						"0.5": [-10.53112, -6.84289, 14.01099],
						"0.5417": [-11.72, -8.52, 16.57],
						"0.6667": [-28.75829, -10.92691, 27.15805],
						"0.7917": [-29.17925, -9.7386, 29.38308],
						"0.9583": [-23.9764, -13.21626, 28.1944],
						"1.2917": [-47.45102, -16.62985, 31.97606],
						"1.375": [-49.95, -16.63, 31.98],
						"1.4583": [-51.14902, -9.30515, 31.86179],
						"1.75": [-38.58, -12.74, 19.96],
						"2.0": [0, 0, 0]
					},
					"position": {
						"0.0": [0, 0, 0],
						"0.0417": [-0.07306, -0.0487, -0.0487],
						"0.0833": [-0.25018, -0.16678, -0.16678],
						"0.125": [-0.48652, -0.32435, -0.32435],
						"0.2083": [-1.01348, -0.67565, -0.67565],
						"0.25": [-1.24982, -0.83322, -0.83322],
						"0.2917": [-1.42694, -0.9513, -0.9513],
						"0.3333": [-1.5, -1, -1],
						"0.375": [-1.52086, -0.94812, -1.06161],
						"0.4167": [-1.6119, -0.73473, -1.28357],
						"0.4583": [-1.80551, -0.31958, -1.61643],
						"0.5": [-2.03841, 0.13024, -1.83839],
						"0.5417": [-2.25, 0.5, -1.9],
						"0.6667": [-3, 1.4, -2.9],
						"0.7917": [-4.3, 1.5, -1.5],
						"0.9583": [-3.5, 2, -2],
						"1.2917": [-3, 1.6, -1.8],
						"1.375": [-3.3, 1.6, -1.5],
						"1.4583": [-2.57, 1.5, -1.67],
						"1.75": [-3, 1.1, -1.5],
						"2.0": [0, 0, 0]
					}
				},
				"extra_ammo": {
					"rotation": {
						"0.0": [0, 0, 0],
						"0.6667": [0, 0, 0],
						"0.7917": [0, 0, 13.33],
						"0.9583": [-36.40051, 32.92753, 77.23051],
						"1.5": [73.25444, -6.38168, 183.31196],
						"2.0": [73.25, -6.38, 183.31]
					},
					"position": {
						"0.0": [0, 0, 0],
						"0.6667": [0, 0, 0],
						"0.7917": [-1.33, -1.33, 0],
						"0.9583": [-11.33, -5.33, -1],
						"1.2917": [-16.09, -27.37, 7.8],
						"1.5": [4.67, -33.33, 9],
						"2.0": [-18.33, -33.33, -4]
					}
				},
				"left_arm": {
					"rotation": {
						"0.0": [-80, -55, 0.1],
						"0.3333": [-63.54027, -59.91309, -1.63],
						"0.375": [-70.67932, -53.05867, 3.92325],
						"0.5417": [-45.69457, -40.06901, -23.18919],
						"0.6667": [-72.0201, -36.69764, 12.80507],
						"0.7917": [-68.08477, -48.46236, 7.02737],
						"0.9583": [-39.79847, -45.46957, -31.01814],
						"1.125": [-97.09458, -65.54936, 35.36979],
						"1.1667": [-78.99399, -63.0276, 18.28892],
						"1.2083": [-62.60582, -55.59906, 3.15663],
						"1.4583": [-65.54978, -51.10095, 6.82091],
						"1.7083": [-64.96637, -52.85084, 14.22601],
						"2.0": [-80, -55, 0.1]
					},