{
	"format_version": "1.8.0",
	"animations": {
		"tacreload": {
			"animation_length": 3,
			"bones": {
				"gun": {
					"rotation": {
						"0.0": [0, 0, 0],
						"0.0417": [-0.10611, -0.10161, -0.38535],
						"0.0833": [-1.135, -1.09895, -1.61232],
						"0.125": [-3.82079, -3.72448, -0.20828],
						"0.1667": [-6.19, -6.05, 3],
						"0.2083": [-8.26569, -8.08768, 6.65395],
						"0.25": [-10.10767, -9.89232, 10.52459],
						"0.2917": [-11.67366, -11.42363, 14.32643],
						"0.3333": [-12.92666, -12.64664, 17.7574],
						"0.375": [-13.83794, -13.53458, 20.51962],
						"0.4167": [-14.38911, -14.07077, 22.34056],
						"0.4583": [-14.5727, -14.24912, 22.99],
						"0.6667": [-14.5727, -14.24912, 22.99],
						"0.7917": [-14.5727, -14.24912, 22.99],
						"0.8333": [-14.70667, -14.24912, 22.99],
						"0.875": [-15.06067, -14.24912, 22.99],
						"1.0": [-16.58473, -14.24912, 22.99],
						"1.0417": [-16.93873, -14.24912, 22.99],
						"1.0833": [-17.0727, -14.24912, 22.99],
						"1.1667": [-22.07, -14.25, 22.99],
						"1.2917": [-17.0727, -14.24912, 22.99],
						"1.625": [-15.48, -12.92, 20.85],
						"1.8333": [-12.98, -12.92, 20.85],
						"2.2083": [-15.48, -12.92, 20.85],
						"2.2917": [-14.31356, -14.20622, 15.87945],
						"2.3333": [-13.97428, -14.07028, 15.72784],
						"2.4167": [-10.46928, -12.66594, 14.16161],
						"2.4583": [-10.13, -12.53, 14.01],
						"2.5": [-9.91837, -12.267, 13.85981],
						"2.5417": [-9.38437, -11.60374, 13.46715],
						"2.5833": [-8.63202, -10.66991, 12.88891],
						"2.625": [-7.7306, -9.55198, 12.15875],
						"2.6667": [-6.73277, -8.31581, 11.29703],
						"2.7083": [-5.68471, -7.01934, 10.31532],
						"2.75": [-4.63402, -5.72246, 9.21769],
						"2.7917": [-3.64, -4.5, 8],
						"2.8333": [-2.6277, -3.25612, 6.41115],
						"2.875": [-1.50172, -1.86637, 4.12671],
						"2.9167": [-0.55442, -0.6913, 1.71225],
						"2.9583": [-0.10402, -0.13003, 0.34957],
						"3.0": [0, 0, 0]
					},
					"position": {
						"0.0": [0, 0, 0],
						"0.0417": [0, 0.03877, 0],
						"0.0833": [0, 0.11885, 0],
						"0.125": [0, 0.21802, 0],
						"0.3333": [0, 0.78198, 0],
						"0.375": [0, 0.88115, 0],
						"0.4167": [0, 0.96123, 0],
						"0.4583": [0, 1, 0],
						"0.5": [0.02738, 0.95893, 0],
						"0.5417": [0.12603, 0.81096, 0],
						"0.5833": [0.27397, 0.58904, 0],
						"0.625": [0.37262, 0.44107, 0],
						"0.6667": [0.4, 0.4, 0],
						"0.7083": [0.4, 0.42061, 0],
						"0.75": [0.4, 0.57939, 0],
						"0.7917": [0.4, 0.6, 0],
						"1.0417": [0.35268, 0.6, 0],
						"1.0833": [0.35, 0.6, 0],
						"1.1667": [-0.1, 0.8, 0],
						"1.2917": [0.9, 0.8, 0],
						"1.625": [0.82, 0.73, 0],
						"2.2083": [0.82, 0.73, 0],
						"2.2917": [0.82, 1.25, 0],
						"2.3333": [0.81189, 1.18918, 0],
						"2.4167": [0.72811, 0.56082, 0],
						"2.4583": [0.72, 0.5, 0],
						"2.5": [0.69526, 0.48282, 0],
						"2.8333": [0.19287, 0.13394, 0],
						"2.9583": [0.02474, 0.01718, 0],
						"3.0": [0, 0, 0]
					}
				},
				"extra_ammo": {
					"rotation": {
						"0.0": [0, 0, 0],
						"1.0": [0, 0, 0],
						"1.0833": [0, 0, 9.4],
						"1.25": [2.5, -2.5, 21.9],
						"1.4167": [-14.51082, 3.84097, 36.41082],
						"1.5": [-13.64973, 6.27967, 46.14769],
						"1.8333": [-13.64973, 6.27967, 46.14769],
						"3.0": [-13.64973, 6.27967, 46.14769]
					},
					"position": {
						"0.0": [0, 0, 0],
						"0.5833": [0, 0, 0],
						"1.0": [0, 0, 0],
						"1.0833": [-2, -0.68, 0],
						"1.25": [-6, -3.68, 0.2],
						"1.4167": [-10, -8, 0.2],
						"1.5": [-12, -14, 0.2],
						"1.8333": [-12, -100, 0.2],
						"3.0": [-12, -100, 0.2]
					}
				},
				"ammo": {
					"rotation": {
						"0.375": [-102.50209, -7.06072, 3.3493],
						"0.4167": [-101.6737, -6.64906, 3.40331],
						"0.4583": [-99.8877, -5.76152, 3.51976],
						"0.5": [-97.63333, -4.64122, 3.66676],
						"0.5417": [-95.13329, -3.39883, 3.82977],
						"0.625": [-89.91668, -0.80647, 4.1699],
						"0.6667": [-87.41664, 0.43592, 4.33291],
						"0.7083": [-85.16226, 1.55622, 4.47991],
						"0.75": [-83.37626, 2.44376, 4.59636],
						"0.7917": [-82.54788, 2.85542, 4.65037],
						"0.9583": [-82.54788, 2.85542, 4.65037],
						"1.0833": [-82.38946, -12.01665, 2.68358],
						"1.1667": [-69.6875, -14.36611, 1.79294],
						"1.25": [-69.69, -14.37, 1.79],
						"1.2917": [-69.11353, -14.60046, 1.64739],
						"1.3333": [-67.5903, -15.20942, 1.27058],
						"1.375": [-65.47203, -16.05626, 0.74657],
						"1.4167": [-63.1506, -16.98431, 0.17229],
						"1.4583": [-61.03233, -17.83115, -0.35172],
						"1.5": [-59.50911, -18.44011, -0.72853],
						"1.5417": [-58.93263, -18.67057, -0.87114],
						"1.5833": [-56.2943, -17.83471, -0.83214],
						"1.625": [-50.30258, -15.93647, -0.74357],
						"1.6667": [-42.55396, -13.48161, -0.62903],
						"1.7083": [-33.9198, -10.7462, -0.5014],
						"1.75": [-25.01283, -7.92437, -0.36974],
						"1.7917": [-16.37867, -5.18896, -0.24211],
						"1.8333": [-8.63005, -2.7341, -0.12757],
						"1.875": [-2.63834, -0.83586, -0.039],
						"1.9167": [0, 0, 0],
						"2.2083": [0, 0, 0]
					},
					"position": {
						"0.375": [7, -3, -2],
						"0.4167": [6.80073, -2.8464, -2.10379],
						"0.4583": [6.37111, -2.51523, -2.32755],
						"0.5": [5.82882, -2.09721, -2.60999],
						"0.5417": [5.22743, -1.63364, -2.92321],
						"0.625": [3.97257, -0.66636, -3.57679],
						"0.6667": [3.37118, -0.20279, -3.89001],
						"0.7083": [2.82889, 0.21523, -4.17245],
						"0.75": [2.39927, 0.5464, -4.39621],
						"0.7917": [2.2, 0.7, -4.5],
						"0.9583": [2.2, 0.7, -4.5],
						"1.0833": [2.2, 0.7, -2],
						"1.1667": [1.9, 0.7, -2],
						"1.25": [0.9, 0.7, -2],
						"1.5417": [1.9, -0.3, -2],
						"1.5833": [1.85523, -0.38954, -2],
						"1.625": [1.75356, -0.59288, -2],
						"1.6667": [1.62208, -0.85584, -2],
						"1.7917": [1.17792, -1.74416, -2],
						"1.8333": [1.04644, -2.00712, -2],
						"1.875": [0.94477, -2.21046, -2],
						"1.9167": [0.9, -2.3, -2],
						"1.9583": [0.85177, -2.17675, -1.89282],
						"2.0": [0.72433, -1.85107, -1.60963],
						"2.0417": [0.54711, -1.39817, -1.2158],
						"2.0833": [0.35289, -0.90183, -0.7842],
						"2.125": [0.17567, -0.44893, -0.39037],
						"2.1667": [0.04823, -0.12325, -0.10718],
						"2.2083": [0, 0, 0]
					}
				},
				"left_arm": {
					"rotation": {
						"0.0": [-80, -55, 0],
						"0.5": [-83.5017, 9.50834, 8.77059],
						"0.7917": [-68.09, 2.57, 7.75],
						"1.5417": [-61.01, -17.32, 6.29],
						"1.9167": [-79.97, -27.26, 5.56],
						"2.2083": [-83.04661, -35, 4.98904],
						"2.2917": [-83.04661, -35, 4.98904],
						"2.4583": [-78, -35, 4.98904],
						"3.0": [-80, -55, 0]
					},
					"position": {
						"0.0": [2, 0.1, -8.5],
						"0.3333": [0.67, -7, -14.67],
						"0.5": [-1, -3, -18],
						"0.7917": [-3.5, -4.65, -18.83],
						"0.9167": [-3, -5, -18.34],
						"1.0833": [-1.6, -5.87, -16.68],
						"1.25": [-1.93, -5.56, -16.03],
						"1.5417": [0.87, -7.78, -15.88],
						"1.9167": [3, -6.34, -14.41],
						"2.2083": [4, -3, -12],
						"2.2917": [4, -3, -12],
						"2.4583": [4, -3, -12],
						"2.625": [3, -2.08, -12.77],
						"3.0": [2, 0.1, -8.5]
					},
					"scale": [0.75, 1.25, 0.75]
				}
			}
		},
		"reload": {
			"animation_length": 2,
			"bones": {
				"gun": {
					"rotation": {
						"0.0": [0, 0, 0],
						"0.25": [-16.72074, -9.1738, 22.57284],
						"0.2917": [-20.63572, -12.44431, 28.94637],
						"0.375": [-18.78478, -20.5197, 20.89939],
						"0.5": [-21.92245, -22.59955, 30.32395],
						"0.8333": [-44.96326, -24.37067, 32.22967],
						"1.0417": [-41.50683, -27.38689, 24.59823],
						"1.125": [-43.14288, -33.33795, 11.27046],
						"1.2083": [-37.70598, -24.04688, 14.82009],
						"1.3333": [-24.75404, -17.58251, 9.03618],
						"1.5417": [53.58167, -14.35813, 23.17331],
						"1.7083": [61.32859, -4.06495, 20.60243],
						"2.0": [0, 0, 0]
					},
					"position": {
						"0.0": [0, 0, 0],
						"0.25": [-2, 1.5, -1],