{
	"format_version": "1.8.0",
	"animations": {
		"reload": {
			"animation_length": 3,
			"bones": {
				"gun": {
					"rotation": {
						"0.0": [0, 0, 0],
						"0.6667": [-60.34114, -4.71824, 21.7147],
						"0.875": [-63.91802, -1.96405, 24.99691],
						"1.0833": [-67.77679, -6.14177, 21.51065],
						"1.25": [-68.46231, -4.78284, 24.7661],
						"1.6667": [-66.60369, -3.76602, 22.78956],
						"1.75": [-66.38265, -3.62874, 22.53531],
						"1.7917": [-66.4874, -3.52151, 22.24165],
						"1.8333": [-66.78752, -3.22687, 21.39059],
						"1.9167": [-67.65843, -2.38099, 18.91379],
						"1.9583": [-67.95468, -2.09435, 18.07046],
						"2.0": [-68.05398, -1.99836, 17.78771],
						"2.0417": [-67.9776, -2.44352, 17.95124],
						"2.125": [-67.18856, -7.04226, 19.64059],
						"2.1667": [-67.11219, -7.48741, 19.80412],
						"2.3333": [-68.93144, -6.59704, 29.44713],
						"3.0": [0, 0, 0]
					},
					"position": {
						"0.0": [0, 0, 0],
						"0.6667": [-5, 2, -7],
						"0.875": [-5, 2, -3.5],
						"1.25": [-5.5, 2, -3.5],
						"1.75": [-5, 2.1, -3],
						"2.0": [-5.5, 2.2, -3.5],
						"2.0833": [-5, 2.2, -5],
						"3.0": [0, 0, 0]
					}
				},
				"ammo": {
					"rotation": {
						"0.0": [0, 0, 0],
						"0.6667": [0, 0, 0]
					},
					"position": {
						"0.0": [0, 0, 0],
						"0.6667": [0, 0, 0],
						"0.875": [0, -0.3, 0],
						"1.1667": [3, -10.3, 0],
						"1.6667": [4, -10.3, 0],
						"2.0": [0, 0, 0]
					}
				}
			}
		}
	}
}