{
	"format_version": "1.8.0",
	"animations": {
		"reload": {
			"animation_length": 3,
			"bones": {
				"gun": {
					"rotation": {
						"0.0": [0, 0, 0],
						"0.5833": [-18.91516, -10.31393, 40.2853],
						"0.7917": [-19.70866, -8.65527, 42.07382],
						"1.0": [-17.98872, -11.8937, 35.45677],
						"1.3333": [-26.4947, -15.5962, 40.15309],
						"1.6667": [-26.82694, -17.83432, 41.3211],
						"2.0833": [-26.4947, -15.5962, 40.15309],
						"2.25": [-25.13965, -17.77859, 39.0372],
						"2.4167": [-27.09411, -14.46906, 42.46372],
						"3.0": [0, 0, 0]
					},
					"position": {
						"0.0": [0, 0, 0],
						"0.5833": [0, 2, 1],
						"0.7917": [0, 1.35, 0.5],
						"1.0": [0, 1.35, 0.8],
						"1.3333": [0, 1.7, 1],
						"2.0833": [0, 1.4, 1],
						"2.25": [0, 2.1, 1.2],
						"2.4167": [0, 1.7, 1],
						"3.0": [0, 0, 1]
					}
				},
				"ammo": {
					"position": {
						"0.6667": [0, 0, 0],
						"1.0417": [0, -10, 0],
						"1.7917": [0, -10, 0],
						"2.0833": [0, 0, 0]
					}
				}
			}
		}
	}
}