{
	"format_version": "1.8.0",
	"animations": {
		"reload": {
			"animation_length": 3,
			"bones": {
				"gun": {
					"rotation": {
						"0.0": [0, 0, 0],
						"0.2917": [-2, -2.5, 2.5],
						"0.75": [-22.3817, -3.79675, 16.30075],
						"1.0": [-22.46434, -4.6078, 17.25787],
						"1.1667": [-22.41, -5.43, 16.48],
						"1.5833": [-24.80505, -7.06231, 14.9323],
						"1.875": [-21.89167, -5.68413, 11.65345],
						"2.0417": [-21.89167, -5.68413, 11.65345],
						"2.2083": [-18.08, -4.7, 9.63],
						"2.3333": [-24.30144, -3.45351, 10.52091],
						"2.4583": [-15.58, -4.7, 9.63],
						"3.0": [0, 0, 0]
					},
					"position": {
						"0.0": [0, 0, 0],
						"0.2917": [1, 0.4, 0],
						"0.4167": [1.33, -0.44, -0.13],
						"0.75": [1, -0.7, 0],
						"1.0": [2, -0.3, -0.4],
						"1.5833": [1.85, -0.6, -0.35],
						"1.7917": [1.85, -0.6, -0.35],
						"1.875": [1.85, -0.1, -0.35],
						"2.0417": [1.85, -0.3, -0.35],
						"2.2083": [1.53, -0.61, -0.29],
						"2.3333": [1.85, -0.5, -0.25],
						"2.4583": [1.53, -0.61, -0.29],
						"3.0": [0, 0, 0]
					}
				},
				"ammo": {
					"rotation": {
						"0.0": [0, 0, 0],
						"3.0": [0, 0, 0]
					},
					"position": {
						"0.0": [0, 0, 0],
						"0.2917": [0, 0, 0],
						"0.4167": [0, -1, 0],
						"0.6667": [0, -8, 0],
						"1.4167": [0, -8, 0],
						"1.875": [0, 0, 0],
						"3.0": [0, 0, 0]
					}
				}
			}
		}
	}
}