{
	"format_version": "1.8.0",
	"animations": {
		"reload": {
			"animation_length": 3,
			"bones": {
				"gun": {
					"rotation": {
						"0.0": [0, 0, 0],
						"0.0417": [-0.181, -1.9491, 0.00046],
						"0.0833": [-0.61982, -6.67453, 0.00157],
						"0.125": [-1.20538, -12.98006, 0.00306],
						"0.2083": [-2.51095, -27.0391, 0.00637],
						"0.25": [-3.0965, -33.34463, 0.00786],
						"0.2917": [-3.53533, -38.07006, 0.00897],
						"0.3333": [-3.71633, -40.01916, 0.00943],
						"0.375": [-3.73533, -40.36419, -0.02503],
						"0.4167": [-3.80484, -41.60631, -0.15048],
						"0.4583": [-3.91287, -43.46559, -0.34331],
						"0.5": [-3.99178, -44.69908, -0.48042],
						"0.5417": [-4.0234, -45.03251, -0.53057],
						"0.625": [-5.06815, -42.591, 1.15886],
						"0.6667": [-5.22995, -42.30867, 1.27798],
						"0.7083": [-5.54276, -41.76294, 1.50804],
						"1.0": [-8.52364, -36.56812, 3.68672],
						"1.0833": [-9.31753, -35.18863, 4.25728],
						"1.125": [-9.63589, -34.63779, 4.48044],
						"1.1667": [-9.80699, -34.34692, 4.58801],
						"1.2083": [-9.50725, -34.52546, 4.29668],
						"1.625": [-2.73775, -37.98256, -1.87723],
						"1.7917": [0.1781, -38.90065, -4.47593],
						"1.8333": [0.8832, -38.99077, -5.09325],
						"1.875": [1.56369, -38.97055, -5.68025],
						"1.9167": [2.19684, -38.7546, -6.21042],
						"1.9583": [2.69269, -38.0043, -6.5788],
						"2.0": [2.73504, -36.25381, -6.55857],
						"2.0417": [2.0818, -33.96011, -6.11187],
						"2.0833": [0.86328, -31.70344, -5.3316],
						"2.125": [-0.011, -30.49337, -4.78357],
						"2.1667": [-0.26582, -30.19975, -4.62712],
						"2.2083": [-0.27866, -30.25945, -4.61374],
						"2.25": [-0.32853, -30.6398, -4.52173],
						"2.2917": [-0.34137, -30.6995, -4.50835],
						"2.3333": [-0.66493, -32.19535, -3.73309],
						"2.375": [-3.1008, -43.62707, 2.22663],
						"2.4167": [-3.41596, -45.1093, 3],
						"2.4583": [-3.14941, -44.08514, 2.84039],
						"2.5": [-1.10369, -36.20779, 1.61251],
						"2.5417": [-0.84553, -35.19726, 1.45479],
						"2.5833": [-0.8176, -33.84065, 1.39949],
						"2.625": [-0.75201, -31.02537, 1.28346],
						"2.6667": [-0.66893, -27.53599, 1.13936],
						"2.7083": [-0.5764, -23.68676, 0.98025],
						"2.8333": [-0.28157, -11.53068, 0.47735],
						"2.875": [-0.18769, -7.67927, 0.31793],
						"2.9167": [-0.1024, -4.18631, 0.17333],
						"2.9583": [-0.03343, -1.36553, 0.05654],
						"3.0": [0, 0, 0]
					},
					"position": {
						"0.0": [0, 0, 0],
						"0.0417": [0, -0.0487, 0.0487],
						"0.0833": [0, -0.16678, 0.16678],
						"0.125": [0, -0.32435, 0.32435],
						"0.2083": [0, -0.67565, 0.67565],
						"0.25": [0, -0.83322, 0.83322],
						"0.2917": [0, -0.9513, 0.9513],
						"0.3333": [0, -1, 1],
						"0.375": [0, -1.01711, 1],
						"0.4167": [0, -1.07877, 1],
						"0.4583": [0, -1.17123, 1],
						"0.5": [0, -1.23289, 1],
						"0.5417": [0, -1.25, 1],
						"0.625": [0, -1, 1],
						"0.6667": [0, -0.97251, 1],
						"0.7083": [0, -0.91938, 1],
						"1.0": [0, -0.4143, 1],
						"1.0833": [0, -0.28062, 1],
						"1.125": [0, -0.22749, 1],
						"1.1667": [0, -0.2, 1],
						"1.2083": [0, -0.17803, 0.998],
						"1.75": [0, 0.37236, 0.94797],
						"2.2083": [0, 0.84369, 0.90512],
						"2.25": [0, 0.87803, 0.902],
						"2.2917": [0, 0.9, 0.9],
						"2.3333": [0, 1.01336, 0.9],
						"2.375": [0, 1.88664, 0.9],
						"2.4167": [0, 2, 0.9],
						"2.4583": [0, 1.93487, 0.87069],
						"2.5": [0, 1.81236, 0.81556],
						"2.5417": [0, 1.66654, 0.74994],
						"2.7917": [0, 0.65777, 0.296],
						"2.875": [0, 0.33346, 0.15006],
						"2.9167": [0, 0.18764, 0.08444],
						"2.9583": [0, 0.06513, 0.02931],
						"3.0": [0, 0, 0]
					}
				},
				"ammo": {
					"rotation": {
						"0.0": [0, 0, 0],
						"3.0": [0, 0, 0]
					},
					"position": {
						"0.0": [0, 0, 0],
						"0.3333": [0, 0, 0],
						"0.375": [0, -0.06845, 0],
						"0.4167": [0, -0.31507, 0],
						"0.4583": [0, -0.68493, 0],
						"0.5": [0, -0.93155, 0],
						"0.5417": [0, -1, 0],
						"0.9167": [0, -7.92, 0],
						"1.7083": [0, -7.92, 0],
						"2.375": [0, 0, 0]
					}
				}
			}
		}
	}
}