{
	"format_version": "1.8.0",
	"animations": {
		"reload": {
			"loop": true,
			"animation_length": 3,
			"bones": {
				"gun": {
					"rotation": {
						"0.0": [0, 0, 0],
						"0.2083": [0, 0, 5],
						"0.4167": [-17.08552, -15.47374, 37.15996],
						"0.4583": [-16.95432, -13.0198, 36.62401],
						"0.5": [-18.91572, -16.40459, 43.43489],
						"0.5833": [-17.21575, -17.57128, 37.62037],
						"0.875": [-17.73357, -14.72179, 39.6307],
						"1.0": [-15.41856, -17.13114, 40.31702],
						"1.125": [-12.73, -14.72, 39.63],
						"1.2917": [-12.07618, -15.25706, 37.10235],
						"1.5": [-13.40624, -13.11594, 37.42436],
						"2.3333": [-14.48799, -11.91394, 42.39068],
						"2.375": [-14.37023, -9.49277, 41.75674],
						"2.4167": [-13.84281, -10.1016, 39.2986],
						"2.4583": [-13.4361, -9.44451, 38.28703],
						"2.5417": [-11.37047, -9.84672, 28.85633],
						"2.6667": [-3.65866, -0.97, 21.99293],
						"2.75": [-2.304, 1.0934, 8.10278],
						"2.7917": [-1.92049, -1.58743, 6.83608],
						"3.0": [0, 0, 0]
					},
					"position": {
						"0.2083": [0, 1, 0],
						"0.4167": [-0.5, 0.75, -0.5],
						"1.2917": [-0.5, 0.75, -0.75],
						"2.5833": [-0.5, 0.75, -0.5],
						"2.9167": [-0.15, -0.15, -0.15],
						"3.0": [0, 0, 0]
					}
				},
				"ammo": {
					"position": {
						"0.0": [0, 0, 0],
						"0.4167": [0, -0.33, 0],
						"0.625": [0, -2, 0],
						"0.875": [-2, -4, -1],
						"1.125": [3, -4, -6],
						"1.2917": [7, -4, -6],
						"1.5": [13, -4, -10],
						"1.6667": [7, -4, -7],
						"1.7917": [4, -4, -6],
						"1.9167": [0, -3, -2],
						"2.0417": [0, -1, -4],
						"2.1667": [0, -2, -2],
						"2.3333": [0, -2, 0],
						"2.4167": [0, 0, 0]
					}
				}
			},
			"particle_effects": {}
		}
	}
}