{
	"format_version": "1.8.0",
	"animations": {
		"reload": {
			"animation_length": 3,
			"bones": {
				"gun": {
					"rotation": {
						"0.0": [0, 0, 0],
						"0.0417": [-0.34849, -0.3024, 0.36256],
						"0.0833": [-1.00404, -0.87127, 1.04461],
						"0.4167": [-8.06954, -7.0024, 8.39554],
						"0.5": [-9.69755, -8.41512, 10.08932],
						"0.5417": [-10.35311, -8.98399, 10.77136],
						"0.5833": [-10.70159, -9.28639, 11.13393],
						"0.625": [-10.72741, -9.22093, 10.40763],
						"0.6667": [-10.6, -9.39, 8.6],
						"0.7083": [-10.70459, -9.53025, 8.19847],
						"0.75": [-11.61816, -9.6832, 8.75934],
						"0.7917": [-12.5965, -9.73701, 9.77725],
						"0.8333": [-12.78955, -9.74186, 10],
						"1.375": [-14.17095, -8.97805, 10.12964],
						"1.4583": [-14.291, -8.9, 10.16131],
						"1.5": [-14.05417, -8.89325, 10.27863],
						"1.5417": [-13.49906, -8.88401, 10.53399],
						"1.7083": [-10.38261, -8.85554, 11.91997],
						"1.75": [-9.82326, -8.8584, 12.15837],
						"1.7917": [-9.58, -8.87, 12.25],
						"2.125": [-9.59, -8.88, 12.24],
						"2.1667": [-9.4842, -8.82667, 12.43645],
						"2.2083": [-9.05269, -8.6151, 13.16884],
						"2.25": [-8.39078, -8.2921, 14.27441],
						"2.2917": [-7.94579, -8.07533, 15.01338],
						"2.3333": [-7.82186, -8.015, 15.2187],
						"2.375": [-7.83593, -8.10248, 14.91384],
						"2.4167": [-7.9644, -8.7842, 12.55538],
						"2.4583": [-8, -8.88, 12.24],
						"2.5": [-7.73697, -8.57945, 11.81361],
						"2.5417": [-7.21098, -7.99179, 10.99821],
						"2.8333": [-2.15331, -2.38272, 3.27379],
						"2.9167": [-0.81035, -0.89645, 1.23137],
						"2.9583": [-0.27638, -0.30571, 0.41986],
						"3.0": [0, 0, 0]
					},
					"position": {
						"0.0": [0, 0, 0],
						"0.0417": [0.01465, 0.04233, 0.00651],
						"0.0833": [0.04222, 0.12197, 0.01876],
						"0.4167": [0.33932, 0.98026, 0.15081],
						"0.5": [0.40778, 1.17803, 0.18124],
						"0.5417": [0.43535, 1.25767, 0.19349],
						"0.5833": [0.45, 1.3, 0.2],
						"0.6667": [0.45, 0.88, 0.2],
						"1.0833": [0.45, 0.88, 0.36],
						"1.4583": [0.45, 0.88, 0.2],
						"1.7917": [1, 1.2, 0.4],
						"2.125": [1, 0.9, 0.2],
						"2.3333": [1, 1.1, 0.2],
						"2.4583": [1, 0.9, 0.2],
						"2.5": [0.96564, 0.86907, 0.19313],
						"2.5417": [0.89923, 0.80931, 0.17985],
						"2.8333": [0.26788, 0.24109, 0.05358],
						"2.9167": [0.10077, 0.09069, 0.02015],
						"2.9583": [0.03436, 0.03093, 0.00687],
						"3.0": [0, 0, 0]
					}
				},
				"ammo": {
					"rotation": {
						"0.0": [0, 0, 0],
						"3.0": [0, 0, 0]
					},
					"position": {
						"0.0": [0, 0, 0],
						"0.5833": [0, 0, 0],
						"0.6667": [0, -0.5, 0],
						"0.7083": [-0.02602, -0.81222, 0],
						"0.75": [-0.07047, -1.34566, 0],
						"0.7917": [-0.12146, -1.95752, 0],
						"0.8333": [-0.17598, -2.61174, 0],
						"0.875": [-0.23269, -3.29233, 0],
						"0.9167": [-0.29086, -3.99034, 0],
						"1.1667": [-0.65, -8.29998, 0],
						"1.2083": [-0.70914, -9.00966, 0],
						"1.25": [-0.76731, -9.70767, 0],
						"1.2917": [-0.82402, -10.38826, 0],
						"1.3333": [-0.87854, -11.04248, 0],
						"1.375": [-0.92953, -11.65434, 0],
						"1.4167": [-0.97398, -12.18778, 0],
						"1.4583": [-1, -12.5, 0],
						"1.5": [-1, -12.25648, 0],
						"1.5417": [-1, -11.66608, 0],
						"1.5833": [-1, -10.87827, 0],
						"1.6667": [-1, -9.12173, 0],
						"1.7083": [-1, -8.33392, 0],
						"1.75": [-1, -7.74352, 0],
						"1.7917": [-1, -7.5, 0],
						"1.8333": [-1, -7.13472, 0],
						"1.875": [-1, -6.24912, 0],
						"1.9167": [-1, -5.0674, 0],
						"2.0": [-1, -2.4326, 0],
						"2.0417": [-1, -1.25088, 0],
						"2.0833": [-1, -0.36528, 0],
						"2.125": [-1, 0, 0],
						"2.1667": [-0.97585, 0, 0],
						"2.7083": [-0.3129, 0, 0],
						"2.9167": [-0.06429, 0, 0],
						"2.9583": [-0.02415, 0, 0],
						"3.0": [0, 0, 0]
					}
				}
			}
		}
	}
}