{
	"format_version": "1.8.0",
	"animations": {
		"reload": {
			"animation_length": 4,
			"bones": {
				"gun": {
					"rotation": {
						"0.0": [0, 0, 0],
						"0.0417": [-0.75954, -0.25293, 0.37704],
						"0.0833": [-2.27357, -0.75711, 1.12862],
						"0.125": [-4.11917, -1.3717, 2.0448],
						"0.3333": [-14.72027, -4.90191, 7.30729],
						"0.375": [-16.74455, -5.57601, 8.31216],
						"0.4167": [-18.59015, -6.1906, 9.22834],
						"0.4583": [-20.10418, -6.69478, 9.97992],
						"0.5": [-20.86372, -6.94771, 10.35696],
						"0.5417": [-20.94225, -6.93748, 10.35696],
						"0.625": [-21.75342, -6.83183, 10.357],
						"0.6667": [-21.83194, -6.8216, 10.357],
						"1.2083": [-20.47131, -6.94106, 10.11794],
						"1.5": [-19.8, -7, 10],
						"1.9583": [-20.83659, -6.0364, 9.0364],
						"2.0": [-20.87576, -6, 9],
						"2.2917": [-19.71914, -5.65858, 8.56293],
						"2.375": [-19.5, -5.6, 8.5],
						"2.4167": [-19.59838, -5.55134, 8.63047],
						"2.5": [-20.78325, -5.04866, 9.88022],
						"2.5417": [-20.9, -5, 10],
						"2.5833": [-20.55823, -4.91824, 9.83647],
						"3.125": [-12.69156, -3.03626, 6.07252],
						"3.6667": [-4.41171, -1.05543, 2.11087],
						"3.9167": [-0.84734, -0.20271, 0.40543],
						"3.9583": [-0.34177, -0.08176, 0.16353],
						"4.0": [0, 0, 0]
					},
					"position": {
						"0.0": [0, 0, 0],
						"0.0417": [0.01092, 0.00728, 0],
						"0.4167": [0.26731, 0.17821, 0],
						"0.4583": [0.28908, 0.19272, 0],
						"0.5": [0.3, 0.2, 0],
						"0.5417": [0.30811, 0.18378, 0],
						"0.625": [0.39189, 0.01622, 0],
						"0.6667": [0.4, 0, 0],
						"1.2083": [0.33304, 0.13392, 0],
						"1.5": [0.3, 0.2, 0],
						"2.0417": [0.3, 0.2, 0],
						"2.375": [0.3, 0.2, 0],
						"2.4167": [0.3, 0.22433, 0],
						"2.5": [0.3, 0.47567, 0],
						"2.5417": [0.3, 0.5, 0],
						"2.9167": [0.3, 0.32377, 0],
						"3.0": [0.3, 0.3, 0],
						"3.5417": [0.13612, 0.13612, 0],
						"3.9583": [0.00655, 0.00655, 0],
						"4.0": [0, 0, 0]
					}
				},
				"ammo": {
					"position": {
						"0.5": [0, 0, 0],
						"0.6667": [0, -1, 0],
						"1.5": [0, -15, 0],
						"1.875": [0, -15, 0],
						"2.375": [0, -1, 0],
						"2.5417": [0, 0, 0]
					}
				}
			}
		}
	}
}