{
	"format_version": "1.8.0",
	"animations": {
		"reload": {
			"animation_length": 2,
			"bones": {
				"gun": {
					"rotation": {
						"0.0": [0, 0, 0],
						"0.0417": [-1.07414, -1.50156, 1.21035],
						"0.0833": [-3.21528, -4.49468, 3.62298],
						"0.125": [-5.82533, -8.14329, 6.56398],
						"0.1667": [-8.68806, -12.14514, 9.78971],
						"0.3333": [-20.81738, -29.10085, 23.45704],
						"0.375": [-23.68012, -33.1027, 26.68277],
						"0.4167": [-26.29017, -36.75131, 29.62377],
						"0.4583": [-28.4313, -39.74443, 32.0364],
						"0.5": [-29.50545, -41.24598, 33.24675],
						"0.5417": [-29.32519, -41.26659, 32.65409],
						"0.625": [-27.46306, -41.47945, 26.53152],
						"0.6667": [-27.28281, -41.50005, 25.93887],
						"0.7083": [-27.46856, -41.18577, 26.22062],
						"0.75": [-28.1378, -40.05347, 27.23572],
						"0.7917": [-29.14144, -38.35541, 28.75804],
						"0.8333": [-29.81068, -37.22311, 29.77315],
						"0.875": [-29.99644, -36.90883, 30.0549],
						"0.9167": [-30.28188, -37.08082, 30.1818],
						"1.0": [-33.21668, -38.87392, 31.51441],
						"1.0417": [-33.49, -39.06, 31.66],
						"1.0833": [-33.90534, -38.92722, 31.94791],
						"1.125": [-37.19573, -37.79896, 34.02617],
						"1.1667": [-37.62445, -37.65063, 34.29344],
						"1.2083": [-39.02034, -37.29904, 35.85381],
						"1.25": [-37.39259, -35.16684, 35.93599],
						"1.2917": [-35.39911, -34.18377, 34.8162],
						"1.3333": [-32.47401, -33.44528, 32.63724],
						"1.375": [-30.84102, -33.4614, 31.09397],
						"1.4167": [-30.61241, -33.50903, 30.84248],
						"1.4583": [-29.62627, -32.41977, 29.84623],
						"1.5": [-27.75479, -30.36834, 27.95946],
						"1.5417": [-25.52378, -27.92621, 25.7111],
						"1.5833": [-23.09792, -25.27233, 23.2668],
						"1.7917": [-10.06953, -11.02657, 10.14216],
						"1.8333": [-7.52785, -8.24719, 7.582],
						"1.875": [-5.10036, -5.59203, 5.13692],
						"1.9167": [-2.86699, -3.14804, 2.88744],
						"1.9583": [-0.99203, -1.09388, 0.99903],
						"2.0": [0, 0, 0]
					},
					"position": {
						"0.0": [0, 0, 0],
						"0.0417": [-0.01092, 0.0364, 0.00728],
						"0.0833": [-0.03269, 0.10897, 0.02179],
						"0.3333": [-0.21166, 0.70554, 0.14111],
						"0.4167": [-0.26731, 0.89103, 0.17821],
						"0.4583": [-0.28908, 0.9636, 0.19272],
						"0.5": [-0.3, 1, 0.2],
						"0.5417": [-0.30811, 1, 0.20811],
						"0.625": [-0.39189, 1, 0.29189],
						"0.6667": [-0.4, 1, 0.3],
						"0.7083": [-0.39315, 0.99658, 0.29315],
						"0.75": [-0.36849, 0.98425, 0.26849],
						"0.7917": [-0.33151, 0.96575, 0.23151],
						"0.8333": [-0.30685, 0.95342, 0.20685],
						"0.875": [-0.3, 0.95, 0.2],
						"1.1667": [-0.3, 0.95, 0.2],
						"1.25": [-0.3, 1.3, 0.2],
						"1.2917": [-0.3, 1.32754, 0.2],
						"1.3333": [-0.3, 1.41664, 0.2],
						"1.375": [-0.3, 1.3226, 0.2],
						"1.4167": [-0.3, 1.1, 0.2],
						"1.4583": [-0.29023, 0.91513, 0.19349],
						"1.5": [-0.27185, 0.78126, 0.18124],
						"1.5417": [-0.24998, 0.67008, 0.16665],
						"1.75": [-0.12419, 0.26623, 0.08279],
						"1.9167": [-0.02815, 0.05292, 0.01876],
						"1.9583": [-0.00977, 0.01774, 0.00651],
						"2.0": [0, 0, 0]
					}
				},
				"ammo": {
					"position": {
						"0.0": [0, 0, 0],
						"0.5": [0, 0, 0],
						"0.6667": [0, -10, 0],
						"1.0": [0, -10, 0],
						"1.25": [0, 0, 0]
					}
				},
				"slide": {
					"position": {
						"0.0": [0, 0, 0]
					}
				}
			}
		}
	}
}