{
	"format_version": "1.8.0",
	"animations": {
		"reload": {
			"loop": true,
			"animation_length": 2,
			"bones": {
				"gun": {
					"rotation": {
						"0.0": [1, 0, 0],
						"0.2083": [-10, -30, 20],
						"0.25": [-15, -40, 25],
						"0.2917": [-14.03486, -35.15928, 23.41892],
						"0.375": [-15, -40, 25],
						"0.7083": [-50, -15, 40],
						"0.9583": [-50, -15, 40],
						"1.125": [-15, -40, 25],
						"1.2917": [0, 0, 0],
						"1.5": [32.89913, -12.67956, 41.24227],
						"1.75": [32.89913, -12.67956, 41.24227],
						"2.0": [0, 0, 0]
					},
					"position": {
						"0.0": [0, 0, 0],
						"0.2083": [-1, 1, -1],
						"0.25": [-1, 1, -1],
						"0.375": [-1, 1, -3],
						"0.7083": [-2, 1, -5],
						"0.9583": [-2, 1, -5],
						"1.125": [-1, 1, -1],
						"1.2917": [0, 0, 0],
						"1.5": [-2, -2, -1],
						"1.75": [-2, -2, -1],
						"2.0": [0, 0, 0]
					}
				},
				"ammo": {
					"position": {
						"0.2917": [0, 0, 0],
						"0.4167": [2, -10, 0],
						"0.8333": [1, -5, 0],
						"1.125": [0, 0, 0]
					}
				},
				"slide": {
					"position": {
						"1.5": [0, 0, 0],
						"1.625": [2, 0, 0],
						"1.7083": [2, 0, 0],
						"1.75": [0, 0, 0]
					}
				}
			}
		}
	}
}