{
	"format_version": "1.8.0",
	"animations": {
		"tacreload": {
			"animation_length": 2,
			"bones": {
				"gun": {
					"rotation": {
						"0.0": [0, 0, 0],
						"0.25": [-12.52832, -4.95712, 10.65426],
						"0.3333": [-17.9422, -5.81741, 16.19717],
						"0.4583": [-31.60957, -8.09162, 24.90561],
						"0.5417": [-28.9652, -11.58651, 24.38211],
						"0.6667": [-27.97219, -13.97484, 19.87328],
						"0.8333": [-42.36142, -18.69492, 26.72297],
						"1.0": [-46.90277, -22.11029, 34.28839],
						"1.0833": [-47.90122, -25.7914, 30.58669],
						"1.25": [-38.54526, -27.21766, 32.25162],
						"1.4583": [-45.29065, -19.97906, 23.45339],
						"1.7917": [2.12649, -10.41835, -7.37299],
						"2.0": [0, 0, 0]
					},
					"position": {
						"0.0": [0, 0, 0],
						"0.2917": [-2, 1, -1],
						"0.4583": [-1, 1, -1],
						"0.5417": [-2, 1.5, -0.5],
						"0.6667": [-2.5, 0.5, -1],
						"0.8333": [-3, 1.5, -0.5],
						"1.0": [-1.5, 2, 0.5],
						"1.0833": [-2, 2.5, 0],
						"1.25": [-1.5, 2, 0.5],
						"1.4583": [-1.12, 2.3, 0.69],
						"1.7917": [-0.5, 1, 1],
						"2.0": [0, 0, 0]
					}
				},
				"ammo": {
					"rotation": {
						"0.0": [0, 0, 0],
						"0.3333": [0, 0, -107.5],
						"0.6667": [0, 0, -107.5],
						"0.7917": [0, 0, -12.5],
						"1.0": [0, 0, 0],
						"1.0833": [0, 0, 0]
					},
					"position": {
						"0.0": [0, -20, -11],
						"0.2917": [0, -20, -11],
						"0.3333": [0, -5, -8],
						"0.4167": [-3, 0.5, -5.5],
						"0.5417": [-6, 4, -1],
						"0.6667": [-6, 2, -1],
						"0.7917": [1, -3, -1],
						"1.0": [0, -1, 0],
						"1.0833": [0, 0, 0]
					}
				},
				"left_arm": {
					"rotation": {
						"0.0": [-80, -55, 0.1],
						"0.2083": [-112.02397, -49.269, -2.44825],
						"0.3333": [-119.83608, -60.54637, 7.04914],
						"0.5417": [-100.92004, -54.50966, 8.05844],
						"0.6667": [-103.47751, -61.84294, 11.06363],
						"0.7917": [-83.93307, -60.16646, -5.36639],
						"1.0833": [-74.70028, -54.70492, -7.54931],
						"1.2083": [-82.69994, -66.43904, 9.63062],
						"1.3333": [-79.38311, -68.91748, 8.74715],
						"1.625": [-108.45094, -57.16282, 1.99438],
						"1.7917": [-80, -55, 0.1],
						"2.0": [-80, -55, 0.1]
					},
					"position": {
						"0.0": [2.7, -0.79, -7.5],
						"0.2083": [8.7, -1.79, -12.5],
						"0.3333": [11.7, -3.79, -14],
						"0.5417": [7.7, 1.21, -8.5],
						"0.6667": [7.7, -1.5, -6],
						"0.7917": [8.7, -3.5, -7],
						"1.0833": [6.1, -2.5, -6.7],
						"1.2083": [7.1, -5.5, -3.7],
						"1.3333": [5.1, -8.5, -2.7],
						"1.4167": [4.1, -10.5, -2.7],
						"1.625": [5, -10.5, -15.5],
						"1.7917": [2.7, -0.79, -7.5],
						"2.0": [2.7, -0.79, -7.5]
					},
					"scale": {
						"0.0": [0.75, 1.25, 0.75],
						"2.0": [0.75, 1.25, 0.75]
					}
				},
				"extra_ammo": {
					"rotation": {
						"0.0": [0, 0, 0],
						"0.5417": [0, 0, 0],
						"0.6667": [0, 0, 0],
						"0.7917": [0, 0, 72.5],
						"1.0833": [0, 0, 82.5],
						"1.2083": [0, 0, 82.5],
						"1.4167": [0, 0, 15],
						"1.625": [0, 0, 15]
					},
					"position": {
						"0.0": [0, 0, 0],
						"0.5417": [0, 0, 0],
						"0.6667": [0, -2, 0],
						"0.7917": [-2, -8, 0],
						"1.0833": [-4, -5, 1],
						"1.2083": [-4, -5, 1],
						"1.3333": [-4, -7.67, 1.33],
						"1.4167": [-4, -7.5, 1.5],
						"1.625": [-2, -16, -9]
					}
				}
			}
		},
		"reload": {
			"animation_length": 2,
			"bones": {
				"gun": {
					"rotation": {
						"0.0": [0, 0, 0],
						"0.25": [-22.25043, 1.1735, 22.42214],
						"0.375": [-17.13771, -7.71458, 16.62265],
						"0.5": [-21.68766, 6.30276, 28.45637],
						"0.6667": [-33.49255, 2.06969, 44.63957],
						"1.0": [-40.97748, -4.98286, 44.14833],
						"1.125": [-55.63235, -9.11655, 41.31924],
						"1.25": [-57.70778, -14.75241, 40.29784],
						"1.3333": [-66.62655, -12.75475, 47.19912],
						"1.4167": [-41.71721, -21.86428, 26.99161],
						"1.5417": [-25.2968, -21.15968, 23.26808],
						"1.625": [-29.82157, -16.40187, 15.04179],
						"1.7917": [-19.85958, -15.60356, -2.11428],
						"2.0": [0, 0, 0]
					},
					"position": {
						"0.0": [0, 0, 0],
						"0.25": [-3.2, 1.2, -2],
						"0.375": [-3.1, 0.6, -2.25],
						"0.5": [-3, 2, -2.5],
						"0.625": [-3.5, 2.1, -2.5],
						"0.9167": [-3, 2, -2],
						"1.125": [-3.5, 2.5, -2.3],
						"1.25": [-3.3, 1.5, -2],
						"1.3333": [-3.4, 2.5, -1.5],
						"1.4167": [-3, 2.5, -1.5],
						"1.5417": [-2, 2, -1],
						"1.625": [-3, 2, 0],
						"1.7917": [-2, 1, 0.5],
						"2.0": [0, 0, 0]
					}
				},
				"ammo": {
					"rotation": {
						"0.0": [0, 0, 0],
						"0.7917": [0, 0, 0],
						"0.8333": [0, 0, 87.5],
						"0.9583": [0, 0, 57.5],
						"1.1667": [0, 0, -32.5],
						"1.2917": [0, 0, 0]
					},
					"position": {
						"0.0": [0, -20, -30],
						"0.7917": [26, -20, -30],
						"0.8333": [11, -14, -2],
						"0.9583": [-1.5, -9, -7],
						"1.1667": [2, -2.3, -2],
						"1.2917": [0, 0, 0]
					}
				},
				"slide": {
					"rotation": {
						"0.0": [0, 0, 0],
						"0.0833": [0, 0, 0],
						"1.5": [0, 0, 0],
						"1.625": [0, 0, 0]
					},
					"position": {
						"0.0": [0, 0, 0],
						"0.0833": [3.3, 0, 0],
						"1.5": [3.3, 0, 0],
						"1.625": [0, 0, 0]
					}
				},
				"left_arm": {
					"rotation": {
						"0.0": [-80, -55, 0.1],
						"0.125": [-89.49544, -57.47718, -0.50676],
						"0.25": [-71.4082, -77.56689, -30.43362],
						"0.375": [-149.00226, -77.712, -14.46489],
						"0.5": [-92.43703, -65.9921, -45.21372],
						"0.5833": [-104.24, -72.38, -45.95],
						"0.7917": [-104.24, -72.38, -45.95],
						"0.8333": [-104.40508, -35.44773, -57.83564],
						"0.875": [-85.89676, -32.4879, -42.28451],
						"0.9167": [-55.12764, -32.72839, -20.58689],
						"0.9583": [-20.03629, -78.89842, -16.91721],
						"1.0417": [-31.59129, -80.41388, -28.04747],
						"1.1667": [-97.15571, -82.9939, 22.97167],
						"1.2917": [-91.05213, -75.49259, 21.84472],
						"1.3333": [-91.05213, -75.49259, 21.84472],
						"1.4167": [-90.78773, -70.49063, 21.56599],
						"1.5417": [-90.4383, -52.99091, 21.17536],
						"1.625": [-87.9675, -55.48992, 21.21388],
						"1.7083": [-90.53806, -60.4899, 21.29428],
						"1.8333": [-80, -55, 0.1],
						"2.0": [-80, -55, 0.1]
					},
					"position": {
						"0.0": [2.7, -0.79, -7.5],
						"0.125": [2.7, -1, -8.5],
						"0.25": [5.7, -4, -9.5],
						"0.375": [5.56, -9.98, -10.75],
						"0.5": [10.27, -4.86, -9.52],
						"0.5833": [14.85, -4.63, -9.41],
						"0.7917": [14.85, -4.63, -9.41],
						"0.8333": [11.85, -0.63, -12.41],
						"0.875": [11.57, -3.42, -15.04],
						"0.9167": [9, -11.71, -15],
						"0.9583": [4, -16, -7.3],
						"1.0417": [8, -12, -5.5],
						"1.0833": [8.33, -10.83, -4.67],
						"1.1667": [12, -8.5, -3],
						"1.2917": [7.5, -5.5, -3],
						"1.3333": [7.5, -5.5, -3],
						"1.4167": [8.5, -3.5, -7],
						"1.5417": [6, -0.7, -10.5],
						"1.625": [8, -2.2, -9],
						"1.7083": [5, -4.7, -7.5],
						"1.8333": [2.7, -0.79, -7.5],
						"2.0": [2.7, -0.79, -7.5]
					},
					"scale": {
						"0.0": [0.75, 1.25, 0.75],
						"2.0": [0.75, 1.25, 0.75]
					}
				},
				"extra_ammo": {
					"rotation": {
						"0.0": [0, 0, 0],
						"0.25": [0, 0, 0],
						"0.375": [0, 0, 0],
						"0.5833": [56.24, -25.97, 49.31],
						"0.6667": [28.09121, -64.93275, 108.27745],
						"0.7083": [28.09121, -64.93275, 108.27745],
						"2.0": [28.09, -64.93, 108.28]
					},
					"position": {
						"0.0": [0, 0, 0],
						"0.25": [0, 0, 0],
						"0.375": [0, -6, -2],
						"0.6667": [1, -15, -2],
						"0.7083": [9, -63, -4],
						"2.0": [9, -63, -4]
					}
				}
			}
		}
	}
}