{
	"format_version": "1.8.0",
	"animations": {
		"reload": {
			"animation_length": 2,
			"bones": {
				"left_arm": {
					"rotation": {
						"0.0": [-80, -55, 0],
						"0.0833": [-73.07566, -52.53579, 0.71349],
						"0.25": [-70.58, -52.54, 0.71],
						"0.75": [-71.0952, -62.12941, -4.59766],
						"0.9167": [-64.88944, -69.09522, -11.40506],
						"1.2083": [-64.88944, -69.09522, -11.40506],
						"1.375": [-61.59788, -71.93044, 0.99997],
						"1.5": [-64.1, -71.93, 1],
						"1.6667": [-64.1, -71.93, 1],
						"1.7917": [-65.03971, -76.58432, -5.80976],
						"2.0": [-80, -55, 0]
					},
					"position": {
						"0.0": [0.8, -1, -7.55],
						"0.0833": [1.8, -3.3, -7.55],
						"0.25": [1.8, -3.3, -7.55],
						"0.375": [4, -7.3, -7],
						"0.5": [5.5, -11.7, -6.6],
						"0.75": [10.5, -20.7, -10],
						"0.9167": [13, -16.7, -13.5],
						"1.0": [7, -8.7, -12.6],
						"1.0833": [7.5, -10.7, -3.45],
						"1.2083": [5.5, -5.7, -3.3],
						"1.375": [4.5, -5.7, -8.45],
						"1.5": [0, -2.7, -5.2],
						"1.6667": [1.5, -2.7, -5.2],
						"1.7917": [3, -4.7, -5.2],
						"2.0": [0.8, -1, -7.55]
					},
					"scale": {
						"0.0": [0.75, 1.25, 0.75],
						"2.0": [0.75, 1.25, 0.75]
					}
				},
				"gun": {
					"rotation": {
						"0.0": [0, 0, 0],
						"0.25": [-30.93911, -12.56786, 22.18535],
						"0.375": [-37.73516, -11.9917, 18.62094],
						"0.5": [-34.60563, -17.01488, 16.08963],
						"0.5833": [-32.91055, -12.09454, 18.83858],
						"0.7083": [-32.43316, -13.43972, 16.68227],
						"0.8333": [-39.1629, -17.96072, 23.67363],
						"1.0": [-52.76945, -14.84851, 27.6073],
						"1.125": [-50.83499, -18.08256, 20.96536],
						"1.2083": [-52.33571, -14.87664, 27.61365],
						"1.375": [-38.56558, -12.96577, 22.75976],
						"1.5": [-32.80626, -12.37338, 19.0319],
						"1.6667": [-33.55745, -6.16847, 23.99947],
						"1.7917": [-19.29559, -9.36139, 12.52168],
						"2.0": [0, 0, 0]
					},
					"position": {
						"0.0": [0, 0, 0],
						"0.25": [-1, 1.5, -0.25],
						"0.375": [-1.2, 1, -0.1],
						"0.5": [-1, 0, -0.5],
						"0.5833": [-1, 0.5, -0.25],
						"0.7083": [-1.5, 1, -0.5],
						"0.8333": [-1.5, 1.5, -0.5],
						"1.0": [-2, 2, -0.5],
						"1.2083": [-1.6, 3, -0.7],
						"1.375": [-1.5, 1.5, -0.2],
						"1.5": [-2, 2, -0.5],
						"1.6667": [-2, 2.2, -0.1],
						"1.7917": [-2, 2, -0.5],
						"2.0": [0, 0, 0]
					}
				},
				"slide": {
					"position": {
						"1.5": [0, 0, 0],
						"1.6667": [1.5, 0, 0],
						"1.7917": [0, 0, 0]
					}
				},
				"ammo": {
					"rotation": {
						"0.0": [0, 0, 0],
						"0.375": [0, 0, 0],
						"0.5": [0, 0, 0],
						"0.9167": [0, 0, 0],
						"1.0": [17.5, 0, 0],
						"1.0833": [0, 0, 0],
						"1.2083": [0, 0, 0]
					},
					"position": {
						"0.0": [0, 0, 0],
						"0.375": [0, 0, 0],
						"0.5": [1.55, -4.4, 0],
						"0.75": [6.55, -14.4, -6],
						"0.875": [6.55, -52.4, -14],
						"0.9167": [6.55, -10.4, -10],
						"1.0": [0.55, -2.4, -10],
						"1.0833": [1.55, -4.4, 0],
						"1.2083": [0, 0, 0]
					}
				},
				"right_arm": {
					"rotation": {
						"0.0": [0, 0, -85],
						"2.0": [0, 0, -85]
					},
					"position": {
						"0.0": [12, 2.5, 0],
						"2.0": [12, 2.5, 0]
					},
					"scale": {
						"0.0": [0.75, 1.25, 0.75],
						"2.0": [0.75, 1.25, 0.75]
					}
				}
			}
		},
		"tacreload": {
			"animation_length": 2,
			"bones": {
				"left_arm": {
					"rotation": {
						"0.0": [-80, -55, 0],
						"2.0": [-80, -55, 0]
					},
					"position": {
						"0.0": [0.8, -1, -7.55],
						"2.0": [0.8, -1, -7.55]
					},
					"scale": [0.75, 1.25, 0.75]
				},
				"gun": {
					"rotation": {
						"0.0": [0, 0, 0],
						"0.3333": [46.56018, -9.3853, 26.01637],
						"0.4583": [51.8833, 1.2887, 23.26898],
						"0.6667": [56.55766, -8.44372, 26.66852],
						"1.0": [63.20743, 3.83801, 31.6349],
						"1.1667": [63.69456, 3.83937, 37.23133],
						"1.375": [50.53868, 5.69078, 19.70322],
						"1.4583": [52.99677, -3.80528, 23.71288],
						"1.5417": [46.33345, -1.50834, 12.88126],
						"1.7083": [39.03689, -8.04863, 10.94826],
						"2.0": [0, 0, 0]
					},
					"position": {
						"0.0": [0, 0, 0],
						"0.3333": [-1.755, 1, -7.5],
						"0.4583": [-2, 1.25, -7],
						"0.6667": [-1.5, 1.25, -6],
						"1.0": [-1.5, 2.25, -5.5],
						"1.1667": [-1.25, 1.25, -5],
						"1.375": [-1.5, 1.75, -4.5],
						"1.4583": [-2, 2.5, -5],
						"1.7083": [0, 1.5, -2],
						"2.0": [0, 0, 0]
					}
				},
				"ammo": {
					"rotation": {
						"0.0": [0, 0, 0],
						"0.3333": [0, 0, 0],
						"0.4583": [0, 0, 0],
						"0.6667": [0, 0, 0],
						"0.75": [0, 0, -16.67],
						"0.7917": [0, 0, -50],
						"0.9583": [0, 0, -50],
						"1.0": [-25, 0, 0],
						"1.1667": [-45, 0, 0],
						"1.3333": [0, 0, 0],
						"2.0": [0, 0, 0]
					},
					"position": {
						"0.0": [0, 0, 0],
						"0.3333": [0, 0, 0],
						"0.4583": [1.55, -4.4, 0],
						"0.75": [2.3, -10.4, 0.75],
						"0.7917": [2.55, -12.4, 1],
						"0.9583": [25.55, -17.4, 1],
						"1.0": [7.55, -11.4, 1],
						"1.1667": [1, -6.4, 8],
						"1.3333": [2.5, -5.4, -0.1],
						"1.4583": [0, 0, 0],
						"2.0": [0, 0, 0]
					}
				},
				"right_arm": {
					"rotation": {
						"0.0": [0, 0, -85],
						"0.2917": [29.82648, 2.86313, -91.93488],
						"0.4583": [29.51853, 5.33654, -96.28507],
						"0.6667": [29.69958, 4.10462, -94.10911],
						"0.75": [26.97005, 13.22927, -111.19469],
						"0.7917": [28.32504, 10.18139, -105.12198],
						"0.9583": [23.59737, 19.01603, -123.68823],
						"1.0": [19.44703, -19.66599, -118.17895],
						"1.1667": [11.67646, -38.11087, -106.38731],
						"1.3333": [9.27036, -8.58174, -100.5144],
						"1.4583": [9.27, -8.58, -100.51],
						"1.5417": [3.07456, -9.71251, -93.00025],
						"1.75": [0, 0, -85],
						"2.0": [0, 0, -85]
					},
					"position": {
						"0.0": [12, 2.5, 0],
						"0.1667": [6, -1.5, 9],
						"0.2917": [5.75, -1.5, 6.85],
						"0.4583": [5.75, -5.5, 5.75],
						"0.6667": [7.5, -10.5, 7.1],
						"0.75": [6.92, -8.83, 6],
						"0.7917": [5.75, -5.5, 5.75],
						"0.9583": [14.75, -6.5, 1.75],
						"1.0": [13.75, -8.5, 4.5],
						"1.1667": [7.6, -6, 8.3],
						"1.3333": [8.6, -6, 1.9],
						"1.4583": [7.6, 0, 2.5],
						"1.5417": [8.6, 0, 4.5],
						"1.75": [12, 2.5, 0],
						"2.0": [12, 2.5, 0]
					},
					"scale": {
						"0.0": [0.75, 1.25, 0.75],
						"1.75": [0.75, 1.25, 0.75]
					}
				}
			}
		}
	}
}