{
	"format_version": "1.8.0",
	"animations": {
		"reload": {
			"animation_length": 4,
			"bones": {
				"left_arm": {
					"rotation": {
						"0.0": [-62.5, -45, 0],
						"0.1667": [-62.5, -45, 0],
						"0.3333": [-45.93419, 27.34182, 30.49746],
						"1.0417": [-62.5, -45, 0],
						"4.0": [-62.5, -45, 0]
					},
					"position": {
						"0.0": [6.5, -2.6, -10.5],
						"0.1667": [4.5, -4.6, -16.5],
						"0.3333": [-7.5, -1.6, -25.5],
						"1.0417": [6.5, -2.6, -10.5],
						"4.0": [6.5, -2.6, -10.5]
					},
					"scale": {
						"0.0": [0.75, 1.25, 0.75],
						"1.0417": [0.75, 1.25, 0.75],
						"4.0": [0.75, 1.25, 0.75]
					}
				},
				"gun": {
					"rotation": {
						"0.0": [0, 0, 0],
						"0.1667": [-8.00668, -46.61436, 10.95399],
						"0.2917": [0, -82.5, 0],
						"0.625": [0, -150, 0],
						"0.9583": [0, -150, 0],
						"1.0": [0, -92.5, 0],
						"1.0417": [0, 0, 57.5],
						"1.75": [0, 0, 0],
						"1.9167": [0, 0, 0],
						"2.6667": [38.42684, -39.00657, -51.57316],
						"3.5": [38.42684, -39.00657, -51.57316],
						"4.0": [0, 0, 0]
					},
					"position": {
						"0.0": [0, 0, 0],
						"0.1667": [2.57, 0.14, -0.29],
						"0.2917": [-14, -5, -2],
						"0.9583": [-14, -35, 2],
						"1.0": [20, -35, 2],
						"1.0417": [18, 0, 0],
						"1.75": [0, 0, 0],
						"1.9167": [0, 0, 0],
						"2.6667": [0, -2, -4],
						"3.5": [0, -2, -4],
						"4.0": [0, 0, 0]
					}
				},
				"ammo": {
					"rotation": {
						"0.0": [0, 0, 0],
						"1.0417": [0, 0, 0],
						"1.75": [0, 0, 0],
						"2.6667": [0, 0, 0],
						"3.5": [0, 0, 0],
						"4.0": [0, 0, 0]
					},
					"position": {
						"0.0": [0, 0, 0],
						"1.0417": [-11, 0, 0],
						"1.75": [-11, 0, 0],
						"2.6667": [-11, 0, 0],
						"3.5": [0, 0, 0],
						"4.0": [0, 0, 0]
					}
				},
				"right_arm": {
					"rotation": {
						"0.0": [0, 0, -60],
						"0.1667": [0, 0, -60],
						"0.3333": [-11.76782, 4.2453, -40.4377],
						"1.0417": [0, 0, -60],
						"2.2917": [0, 0, -60],
						"2.5833": [0, 0, -15],
						"2.6667": [0, 0, -15],
						"3.5": [0, 0, 10],
						"4.0": [0, 0, -60]
					},
					"position": {
						"0.0": [10, -2.8, 0],
						"0.1667": [16, -2.8, -6],
						"0.3333": [15.74, -1, -23.74],
						"1.0417": [10, -2.8, 0],
						"2.2917": [10, -2.8, 0],
						"2.5833": [8, -7, -1],
						"2.6667": [8, -7, -1],
						"3.5": [8, -9, -1],
						"4.0": [10, -2.8, 0]
					},
					"scale": {
						"0.0": [0.75, 1, 0.75],
						"1.0417": [0.75, 1, 0.75],
						"2.2917": [0.75, 1, 0.75],
						"4.0": [0.75, 1, 0.75]
					}
				}
			}
		}
	}
}