{
	"format_version": "1.8.0",
	"animations": {
		"reload": {
			"animation_length": 2,
			"bones": {
				"right_arm": {
					"rotation": {
						"0.0": [0, 0, -85],
						"0.375": [0, 0, -85],
						"0.5417": [0, 0, -75],
						"0.6667": [0, 0, -55],
						"0.7917": [0, 0, -55],
						"1.1667": [0, 0, -55],
						"1.25": [11.46898, 32.40434, -71.30913],
						"1.3333": [6.76, 7.82, -76.17],
						"1.625": [0, 0, -85],
						"2.0": [0, 0, -85]
					},
					"position": {
						"0.0": [12.5, 3.3, 0],
						"0.375": [12.7, 3.3, 0],
						"0.5417": [15.7, 0.3, 0],
						"0.6667": [14.7, -3.5, 0],
						"0.7917": [14.7, -3.5, 0],
						"1.1667": [18.7, -14.5, 0],
						"1.25": [17.7, 6.5, 1.3],
						"1.3333": [14.7, 5.5, 1.3],
						"1.375": [13.7, 5, 1.3],
						"1.4167": [13, 5, 1.3],
						"1.5": [14, 5, 2.8],
						"1.625": [12.7, 3.3, 0],
						"2.0": [12.7, 3.3, 0]
					},
					"scale": [0.75, 1, 0.75]
				},
				"left_arm": {
					"rotation": {
						"0.0": [-80, -55, 0],
						"2.0": [-80, -55, 0]
					},
					"position": {
						"0.0": [2, 1, -9],
						"2.0": [2, 1, -9]
					},
					"scale": [0.75, 1.5, 0.75]
				},
				"gun": {
					"rotation": {
						"0.0": [0, 0, 0],
						"0.0417": [0.3211, -0.65884, 1.27284],
						"0.0833": [0.94164, -1.93211, 3.7327],
						"0.125": [1.6883, -3.46413, 6.69248],
						"0.1667": [2.50319, -5.13617, 9.92274],
						"0.3333": [5.98736, -12.28516, 23.73413],
						"0.375": [6.84134, -14.03741, 27.11936],
						"0.4167": [7.65623, -15.70944, 30.34962],
						"0.4583": [8.40289, -17.24147, 33.3094],
						"0.5": [9.02344, -18.51473, 35.76927],
						"0.5417": [9.34453, -19.17357, 37.0421],
						"0.6667": [12.13702, -18.12035, 51.68005],
						"0.8333": [19.24416, -20.15649, 52.09583],
						"1.0": [9.34453, -19.17357, 37.0421],
						"1.25": [24.94035, -20.3915, 29.00043],
						"1.3333": [24.94035, -20.3915, 29.00043],
						"1.4583": [26, -17, 23],
						"1.5833": [24.94035, -20.3915, 29.00043],
						"2.0": [0, 0, 0]
					},
					"position": {
						"0.0": [0, 0, 0],
						"0.5417": [-1.54, 1.23, -2.92],
						"0.6667": [-2.5, 2, -3],
						"1.25": [-2.5, 3, -2.5],
						"1.3333": [-2.5, 3, -2.5],
						"1.4583": [-3.5, 4, -2.5],
						"1.5833": [-2.5, 3, -2.5],
						"2.0": [0, 0, 0]
					}
				},
				"ammo": {
					"position": {
						"0.0": [0, 0, 0],
						"0.5": [0, 0, 0],
						"0.75": [6, 2, 0],
						"0.9167": [20, -10, 0],
						"1.1667": [20, -10, 0],
						"1.25": [6, 2, 0],
						"1.375": [2.5, 0.5, 0],
						"1.4583": [0, 0, 0]
					}
				}
			}
		},
		"tacreload": {
			"animation_length": 2,
			"bones": {
				"right_arm": {
					"rotation": {
						"0.0": [0, 0, -85],
						"0.3333": [0, 0, -75],
						"0.4583": [0, 0, -55],
						"0.75": [0, 0, -55],
						"0.7917": [0.33547, 0.94745, -52.93147],
						"0.8333": [1.22187, 3.45091, -47.46577],
						"0.875": [2.45455, 6.93234, -39.86492],
						"0.9167": [3.80545, 10.74766, -31.53508],
						"0.9583": [5.03813, 14.22909, -23.93423],
						"1.0": [5.92453, 16.73255, -18.46853],
						"1.0417": [6.26, 17.68, -16.4],
						"1.1667": [6.26, 17.68, -16.4],
						"1.3333": [11.46898, 32.40434, -71.30913],
						"1.4167": [6.76, 7.82, -76.17],
						"1.7083": [0, 0, -85],
						"2.0": [0, 0, -85]
					},
					"position": {
						"0.0": [12.5, 3.3, 0],
						"0.3333": [15.7, 0.3, 0],
						"0.4583": [14.7, -3.5, 0],
						"0.5": [14.80718, -3.23206, 0],
						"0.5417": [15.09037, -2.52406, 0],
						"0.5833": [15.4842, -1.5395, 0],
						"0.625": [15.9158, -0.4605, 0],
						"0.6667": [16.30963, 0.52406, 0],
						"0.7083": [16.59282, 1.23206, 0],
						"0.75": [16.7, 1.5, 0],
						"0.7917": [16.3297, 1.27118, 0.25187],
						"0.8333": [15.35126, 0.66655, 0.91738],
						"0.875": [13.99059, -0.17427, 1.84287],
						"0.9167": [12.49941, -1.09573, 2.85713],
						"0.9583": [11.13874, -1.93655, 3.78262],
						"1.0": [10.1603, -2.54118, 4.44813],
						"1.0417": [9.79, -2.77, 4.7],
						"1.1667": [9.79, -2.77, 4.7],
						"1.3333": [17.7, 6.5, 1.3],
						"1.4167": [14.7, 5.5, 1.3],
						"1.4583": [13.7, 5, 1.3],
						"1.5": [13, 5, 1.3],
						"1.5833": [14, 5, 2.8],
						"1.7083": [12.7, 3.3, 0],
						"2.0": [12.7, 3.3, 0]
					},
					"scale": [0.75, 1, 0.75]
				},
				"left_arm": {
					"rotation": {
						"0.0": [-80, -55, 0],
						"2.0": [-80, -55, 0]
					},
					"position": {
						"0.0": [2, 1, -9],
						"2.0": [2, 1, -9]
					},
					"scale": [0.75, 1.5, 0.75]
				},
				"gun": {
					"rotation": {
						"0.0": [0, 0, 0],
						"0.0417": [0.45512, -0.93383, 1.8041],
						"0.0833": [1.55851, -3.19783, 6.17801],
						"0.125": [3.03086, -6.21888, 12.01447],
						"0.2083": [6.31367, -12.9547, 25.02764],
						"0.25": [7.78602, -15.97574, 30.8641],
						"0.2917": [8.88941, -18.23974, 35.238],
						"0.3333": [9.34453, -19.17357, 37.0421],
						"0.5": [20.42301, -17.57788, 49.11618],
						"0.8333": [19.24416, -20.15649, 52.09583],
						"1.1667": [23.05009, -10.4057, 47],
						"1.3333": [24.94035, -20.3915, 29.00043],
						"1.4583": [26, -17, 23],
						"1.5833": [24.94035, -20.3915, 29.00043],
						"2.0": [0, 0, 0]
					},
					"position": {
						"0.0": [0, 0, 0],
						"0.3333": [-1.54, 1.23, -2.92],
						"0.5": [-2.5, 2, -3],
						"1.3333": [-2.5, 3, -2.5],
						"1.4583": [-3.5, 4, -2.5],
						"1.5833": [-2.5, 3, -2.5],
						"2.0": [0, 0, 0]
					}
				},
				"ammo": {
					"rotation": {
						"0.0": [0, 0, 0],
						"0.5417": [0, 0, 0],
						"0.75": [0, 0, 0],
						"0.7917": [0, 0, 2.54547],
						"0.8333": [0, 0, 9.27139],
						"0.875": [0, 0, 18.62478],
						"0.9167": [0, 0, 28.87522],
						"0.9583": [0, 0, 38.22861],
						"1.0": [0, 0, 44.95453],
						"1.0417": [0, 0, 47.5],
						"1.1667": [0, 0, 47.5],
						"1.3333": [0, 0, 0],
						"1.4583": [0, 0, 0]
					},
					"position": {
						"0.0": [0, 0, 0],
						"0.3333": [0, 0, 0],
						"0.375": [0.24908, 0.08303, 0],
						"0.4167": [0.78611, 0.26204, 0],
						"0.4583": [1.46398, 0.48799, 0],
						"0.5": [2.21571, 0.73857, 0],
						"0.5833": [3.78429, 1.26143, 0],
						"0.625": [4.53602, 1.51201, 0],
						"0.6667": [5.21389, 1.73796, 0],
						"0.7083": [5.75092, 1.91697, 0],
						"0.75": [6, 2, 0],
						"0.7917": [5.67847, 2.16077, 0.21435],
						"0.8333": [4.82888, 2.58556, 0.78075],
						"0.875": [3.6474, 3.1763, 1.5684],
						"0.9167": [2.3526, 3.8237, 2.4316],
						"0.9583": [1.17112, 4.41444, 3.21925],
						"1.0": [0.32153, 4.83923, 3.78565],
						"1.0417": [0, 5, 4],
						"1.1667": [0, 5, 4],
						"1.3333": [6, 2, 0],
						"1.4583": [0, 0, 0]
					}
				}
			}
		}
	}
}