{
	"format_version": "1.8.0",
	"animations": {
		"reload": {
			"animation_length": 2,
			"bones": {
				"left_arm": {
					"rotation": {
						"0.0": [-80, -55, 0],
						"0.2083": [-72.20593, -62.30242, -3.25368],
						"0.375": [-144.84615, -59.79113, 71.1136],
						"0.5833": [-91.51132, -73.15717, 14.0114],
						"0.7083": [-91.51, -73.16, 14.01],
						"0.8333": [-109.2506, -75.53997, 16.85546],
						"1.5833": [-109.25, -75.54, 16.86],
						"1.6667": [-117.07496, -62.69017, 36.94297],
						"1.75": [-94.57, -62.69, 36.94],
						"1.875": [-71.98267, -62.39646, 3.60315],
						"1.9583": [-73.95504, -64.73954, -2.64679],
						"2.0": [-80, -55, 0]
					},
					"position": {
						"0.0": [3.75, -0.33, -7.7],
						"0.125": [4.12, 0.61, -9.1],
						"0.2083": [4.85, 1.6, -7.1],
						"0.2917": [6.23, 2.2, -5.9],
						"0.375": [7.6, 2.8, -4.25],
						"0.4583": [8.32, -0.14, -5.77],
						"0.5833": [8.8, -2.1, -3.45],
						"0.7083": [8.8, -4.6, -3.45],
						"0.8333": [8.8, -13.6, -6.45],
						"1.0833": [8.8, -13.6, -6.45],
						"1.125": [8.8, -13.6, -6.45],
						"1.1667": [8.8, -8.6, -7],
						"1.2083": [8.8, -4.84, -7.7],
						"1.25": [8.8, -0.84, -8.5],
						"1.3333": [8.8, -0.84, -8.4],
						"1.4167": [7.55, -1.84, -2.97],
						"1.5": [8.8, 0.84, -2.5],
						"1.5833": [8.8, 0.84, -2.5],
						"1.6667": [8.8, 3.84, -8.5],
						"1.75": [6, -0.7, -6],
						"1.8333": [5, -0.7, -6.67],
						"1.875": [4, -0.7, -7],
						"1.9167": [4.92, -0.58, -8.23],
						"2.0": [3.75, -0.33, -7.7]
					},
					"scale": {
						"0.0": [0.75, 1.25, 0.75],
						"2.0": [0.75, 1.25, 0.75]
					}
				},
				"gun": {
					"rotation": {
						"0.0": [0, 0, 0],
						"0.2083": [-10.48125, -6.87916, 15.75342],
						"0.375": [-30.66624, 0.78717, 26.72307],
						"0.4583": [-28.64737, 1.88524, 25.87685],
						"0.5833": [-49.37557, 13.19988, 20.07539],
						"0.6667": [-42.0223, 6.13514, 19.85507],
						"0.8333": [-47.74341, 13.13592, 16.53024],
						"0.9583": [-43.51424, 13.25557, 12.90104],
						"1.25": [-33.60404, -10.17833, 31.84253],
						"1.4167": [-46.06355, -8.05984, 30.05433],
						"1.5": [-45.06261, -13.41895, 24.70717],
						"1.5833": [-53.32745, -3.05066, 27.66693],
						"1.6667": [-33.92891, -9.86721, 28.23865],
						"1.875": [-10.62882, -11.53485, -10.51156],
						"2.0": [0, 0, 0]
					},
					"position": {
						"0.0": [0, 0, 0],
						"0.2083": [-1, 1, 0.5],
						"0.375": [0, 1, 1],
						"0.4583": [-1, 0.75, 0.9],
						"0.5833": [-2, 1, 0.3],
						"0.6667": [-1.5, 0.5, 0],
						"0.8333": [-2.3, 0, 1],
						"0.9583": [-2.3, 0, 1],
						"1.25": [-2.5, 1, 1.2],
						"1.4167": [-2, 1.2, 1.3],
						"1.5": [-1.7, 0.8, 0.9],
						"1.5833": [-1.7, 1.4, 0.9],
						"1.6667": [-1.7, 1.5, 0.5],
						"1.875": [-2.3, 0.4, 0.25],
						"2.0": [0, 0, 0]
					}
				},
				"pump": {
					"rotation": {
						"0.0": [0, 0, 0],
						"0.2083": [0, 0, 0],
						"0.375": [-90, 0, 0],
						"1.75": [-90, 0, 0],
						"1.875": [0, 0, 0],
						"2.0": [0, 0, 0]
					},
					"position": {
						"0.0": [0, 0, 0.2],
						"0.2083": [0, 0, 0],
						"0.375": [1.33, -0.5, 0.2],
						"1.75": [1.33, -0.5, 0.2],
						"1.875": [0, 0, 0],
						"2.0": [0, 0, 0.2]
					}
				},
				"extra_ammo": {
					"rotation": {
						"0.0": [0, 0, 0],
						"0.5833": [0, 0, 0],
						"0.6667": [0, 0, 0],
						"0.8333": [-22.18878, 3.5166, 11.95491],
						"1.125": [-22.19, 3.52, 11.95],
						"1.2083": [-1.09, -2.61, 8.61],
						"1.2917": [5.01401, -8.74617, 5.27661],
						"1.4167": [0, 0, 0],
						"2.0": [0, 0, 0]
					},
					"position": {
						"0.0": [0, 0, 0],
						"0.5833": [0, 0, 0],
						"0.7083": [0, -2.5, 0],
						"0.8333": [-1, -15.5, -4],
						"0.9167": [-1, -37.5, -4],
						"1.125": [-1, -37.5, -4],
						"1.1667": [-0.5, -11, -4.5],
						"1.25": [0, -2.33, -5.5],
						"1.3333": [1, -2, -5.5],
						"1.4167": [-0.25, -3, -0.75],
						"1.5": [0, 0, 0],
						"2.0": [0, 0, 0]
					}
				},
				"ammo": {
					"rotation": {
						"0.0": [0, 0, 0],
						"0.5833": [0, 0, 0],
						"0.6667": [0, 0, 0],
						"0.8333": [-22.18878, 3.5166, 11.95491],
						"1.125": [-22.19, 3.52, 11.95],
						"1.2083": [-1.09, -2.61, 8.61],
						"1.2917": [5.01401, -8.74617, 5.27661],
						"1.4167": [0, 0, 0],
						"2.0": [0, 0, 0]
					},
					"position": {
						"0.0": [0, 0, 0],
						"0.5833": [0, 0, 0],
						"0.7083": [0, -2.5, 0],
						"0.8333": [-1, -15.5, -4],
						"0.9167": [-1, -37.5, -4],
						"1.125": [-1, -37.5, -4],
						"1.1667": [-0.5, -11, -4.5],
						"1.25": [0, -2.33, -5.5],
						"1.3333": [1, -2, -5.5],
						"1.4167": [-0.25, -3, -0.75],
						"1.5": [0, 0, 0],
						"2.0": [0, 0, 0]
					}
				}
			}
		},
		"tacreload": {
			"animation_length": 2,
			"bones": {
				"gun": {
					"rotation": {
						"0.0": [0, 0, 0],
						"0.25": [56.50368, 3.12794, 21.05312],
						"0.375": [54.22862, 2.4801, 24.60659],
						"0.4583": [49.17504, 0.84638, 22.71671],
						"0.75": [-28.34133, -16.42951, 27.90206],
						"0.9167": [-46.6142, -11.64594, 31.0644],
						"1.0": [-41.84601, -22.098, 23.53957],
						"1.125": [-46.3, -17, 29.38],
						"1.2083": [-57.18212, -21.83201, 32.35875],
						"1.375": [-54.43546, -30.11056, 26.11391],
						"1.4583": [-61.05128, -20.98266, 35.96355],
						"1.5417": [-50.71486, -22.52802, 28.62105],
						"1.7083": [-28.72739, -19.97896, 22.9158],
						"1.875": [-13.19259, -9.89673, 15.31899],
						"2.0": [0, 0, 0]
					},
					"position": {
						"0.0": [0, 0, 0],
						"0.25": [-1, 1, 0],
						"0.375": [-1.2, 0.6, 0.5],
						"0.4583": [-1.5, -0.4, 1.5],
						"0.75": [-2, -1.25, 1.3],
						"0.9167": [-2, -0.25, 1.3],
						"1.3333": [-2, 0.75, 0.85],
						"1.375": [-2, 0.75, 0.85],
						"1.4583": [-2.2, 0.5, 1],
						"1.5417": [-1.5, 1, 1],
						"1.7083": [-1, 0.5, 0.5],
						"1.875": [-0.43, 0.3, 0.5],
						"2.0": [0, 0, 0]
					}
				},
				"extra_ammo": {
					"rotation": {
						"0.0": [0, 0, 0],
						"0.9167": [0, 0, 0],
						"1.0833": [0, 0, 0],
						"1.1667": [0, 0, -36.67],
						"1.2083": [0, 0, -32.5],
						"1.2917": [0, 0, -40],
						"1.625": [0, 0, -36.47],
						"1.75": [0, 0, -15.15],
						"2.0": [0, 0, -32.5]
					},
					"position": {
						"0.0": [0, 0, 0],
						"0.9167": [0, 0, 0],
						"1.0417": [0, -1.2, 0],
						"1.125": [0, -1, 0],
						"1.1667": [-0.1, 0.85, 0.5],
						"1.2083": [-0.2, 0.7, 0.3],
						"1.2917": [-0.23, 1.63, 0.6],
						"1.4583": [-0.3, 2.5, 0.6],
						"1.5": [-0.32, 2, -1],
						"1.5417": [-0.35, 1.5, -2.6],
						"1.5833": [-0.33, 1.5, -2.5],
						"1.625": [-0.3, 0.5, -2.4],
						"1.75": [4.7, -7.5, -2],
						"2.0": [-0.3, -10.5, -2.4]
					}
				},
				"ammo": {
					"rotation": {
						"0.0": [0, 0, 27.5],
						"0.625": [2.61628, 12.0402, 47.88842],
						"0.6667": [2.42445, 18.88354, 46.02272],
						"0.9167": [0.65795, 7.47628, 32.54403],
						"1.0417": [-0.16561, 7.28426, 26.24992],
						"1.1667": [-2.88933, 6.93369, 4.82807],
						"1.2917": [0, 0, 0],
						"2.0": [0, 0, 0]
					},
					"position": {
						"0.0": [4, -12, -8],
						"0.375": [6, -3, -13],
						"0.4583": [1.5, 0.25, -10.7],
						"0.5833": [-1.25, -2.37, -8.25],
						"0.625": [-1.17, -1.58, -6.99],
						"0.6667": [-1.8, -1.29, -6],
						"0.7083": [0, 0, -4.2],
						"0.8333": [-0.9, -1.44, -2],
						"0.875": [-1.2, -1.92, -1.2],
						"0.9167": [-1.5, -2.4, -1],
						"1.0417": [-0.55, -3.4, -1.25],
						"1.0833": [-0.23, -4.07, -1.17],
						"1.125": [0.09, -4.24, -1.08],
						"1.1667": [0.4, -2.4, -0.5],
						"1.2917": [0.1, -1.4, 0],
						"1.4583": [0, 0, 0],
						"1.625": [0, 0, 0],
						"2.0": [0, 0, 0]
					}
				},
				"left_arm": {
					"rotation": {
						"0.0": [-80, -55, 0],
						"0.375": [-84.26572, -59.97821, -0.86991],
						"0.5833": [-74.27, -59.98, -0.87],
						"0.875": [-65.68757, -62.40827, -2.105],
						"0.9167": [-63.53607, -64.66905, -4.51544],
						"1.125": [-65.69, -62.41, -2.11],
						"1.2083": [-70.69, -62.41, -2.11],