{
	"format_version": "1.8.0",
	"animations": {
		"tacreload": {
			"animation_length": 2,
			"bones": {
				"gun": {
					"rotation": {
						"0.0": [0, 0, 0],
						"0.0417": [-1.69803, -0.03349, 1.23147],
						"0.0833": [-6.24587, -0.12393, 4.53007],
						"0.125": [-12.7042, -0.25392, 9.21511],
						"0.1667": [-20.0171, -0.40383, 14.52136],
						"0.2083": [-27.08085, -0.55297, 19.64886],
						"0.25": [-32.82231, -0.68116, 23.81981],
						"0.2917": [-36.27, -0.77, 26.33],
						"0.3333": [-37.38424, -0.80524, 27.14433],
						"0.375": [-37.65954, -0.81395, 27.34553],
						"0.4167": [-37.58152, -0.81148, 27.28851],
						"0.4583": [-37.31234, -0.80297, 27.09179],
						"0.6667": [-35.22766, -0.73703, 25.56821],
						"0.7083": [-34.95848, -0.72852, 25.37149],
						"0.75": [-34.88046, -0.72605, 25.31447],
						"0.7917": [-35.15576, -0.73476, 25.51567],
						"0.8333": [-36.27, -0.77, 26.33],
						"0.875": [-38.50042, -0.83281, 27.95644],
						"1.0": [-46.06284, -1.00032, 33.44961],
						"1.0417": [-48.35505, -1.04492, 35.11172],
						"1.0833": [-50.29067, -1.08111, 36.51456],
						"1.125": [-51.67733, -1.10622, 37.51916],
						"1.1667": [-52.2308, -1.11599, 37.92001],
						"1.375": [-52.2308, -1.11599, 37.92001],
						"1.5417": [-52.2308, -1.11599, 37.92001],
						"1.5833": [-50.20599, -1.07272, 36.44999],
						"1.625": [-46.02314, -0.98335, 33.4132],
						"1.6667": [-40.84324, -0.87267, 29.65255],
						"1.7083": [-35.13136, -0.75063, 25.50567],
						"1.8333": [-17.09943, -0.36535, 12.41434],
						"1.875": [-11.38755, -0.24331, 8.26746],
						"1.9167": [-6.20765, -0.13264, 4.50681],
						"1.9583": [-2.0248, -0.04326, 1.47003],
						"2.0": [0, 0, 0]
					},
					"position": {
						"0.0": [0, 0, 0],
						"0.0417": [-0.0957, 0.03003, -0.0957],
						"0.0833": [-0.3525, 0.1111, -0.3525],
						"0.125": [-0.71821, 0.22763, -0.71821],
						"0.1667": [-1.13408, 0.36199, -1.13408],
						"0.2083": [-1.53863, 0.49564, -1.53863],
						"0.25": [-1.87202, 0.61048, -1.87202],
						"0.2917": [-2.08, 0.69, -2.08],
						"0.3333": [-2.20288, 0.82455, -2.12178],
						"0.375": [-2.263, 1.26703, -1.763],
						"0.4167": [-2.19801, 1.65707, -1.27911],
						"0.4583": [-2.15, 1.72, -1.15],
						"0.5": [-2.10899, 1.65969, -1.15376],
						"0.5417": [-2.06347, 1.53911, -1.20991],
						"0.5833": [-2.01982, 1.38873, -1.29774],
						"0.625": [-1.98227, 1.2255, -1.4067],
						"0.6667": [-1.95476, 1.06172, -1.53033],
						"0.7083": [-1.94184, 0.90881, -1.66392],
						"0.75": [-1.94986, 0.78008, -1.80342],
						"0.7917": [-1.98913, 0.69504, -1.94436],
						"0.8333": [-2.08, 0.69, -2.08],
						"0.875": [-2.21805, 0.7949, -2.07194],
						"0.9167": [-2.36579, 0.96683, -1.86544],
						"0.9583": [-2.51425, 1.17478, -1.54122],
						"1.0": [-2.6563, 1.39627, -1.1563],
						"1.0417": [-2.78509, 1.61191, -0.75813],
						"1.0833": [-2.89288, 1.80193, -0.39323],
						"1.125": [-2.96956, 1.94253, -0.11567],
						"1.1667": [-3, 2, 0],
						"1.2083": [-3, 2.06845, 0.06845],
						"1.25": [-3, 2.31507, 0.31507],
						"1.2917": [-3, 2.68493, 0.68493],
						"1.3333": [-3, 2.93155, 0.93155],
						"1.375": [-3, 3, 1],
						"1.4167": [-3, 2.9189, 0.9189],
						"1.5": [-3, 2.0811, 0.0811],
						"1.5417": [-3, 2, 0],
						"1.5833": [-2.8837, 1.92247, 0],
						"1.625": [-2.64345, 1.7623, 0],
						"1.6667": [-2.34593, 1.56395, 0],
						"1.7083": [-2.01785, 1.34524, 0],
						"1.8333": [-0.98215, 0.65476, 0],
						"1.875": [-0.65407, 0.43605, 0],
						"1.9167": [-0.35655, 0.2377, 0],
						"1.9583": [-0.1163, 0.07753, 0],
						"2.0": [0, 0, 0]
					}
				},
				"left_arm": {
					"rotation": {
						"0.0": [-80, -55, 0],
						"0.2917": [-80, -55, 0],
						"0.375": [-80, -55, 0],
						"0.625": [-80, -55, 0],
						"0.9583": [-119.10448, -63.9519, 44.54907],
						"1.0833": [-124.94101, -70.90638, 67.99411],
						"1.2917": [-73.50428, -57.40717, -3.85793],
						"1.3333": [-114.37, -51.67, 42.15],
						"2.0": [-80, -55, 0]
					},
					"position": {
						"0.0": [4, -0.5, -6],
						"0.2917": [8, -4.5, -6],
						"0.375": [8, -4.5, -6],
						"0.625": [9.5, -9.9, -5.6],
						"0.9583": [9, -9.3, -9.2],
						"1.0833": [8, -10.5, -10],
						"1.1667": [8, -10.07, -7.71],
						"1.2917": [8, -7.64, -5.43],
						"1.3333": [8, -6.5, -6],
						"1.4167": [8, -4.5, -6],
						"1.5833": [8, -4.5, -6],
						"1.8333": [5.6, -3.7, -9.8],
						"2.0": [4, -0.5, -6]
					},
					"scale": [0.75, 1, 0.75]
				},
				"ammo": {
					"rotation": {
						"0.0": [0, 0, 0],
						"0.375": [0, 0, 0],
						"0.5417": [0, 0, 0],
						"0.625": [13.05, 0, 0],
						"0.75": [13.05, 0, 0],
						"0.9583": [-70.86, 0, 0],
						"1.0833": [-90.31, 0, 0],
						"1.2083": [-27.5, 0, 0],
						"1.2917": [0, 0, 0],
						"1.4583": [0, 0, 0],
						"1.7917": [0, 0, 0]
					},
					"position": {
						"0.0": [0, 0, 0],
						"0.375": [0, 0, 0],
						"0.5417": [0, -4, 0],
						"0.625": [0.75, -6.1, 0.25],
						"0.75": [0.88, -13.25, 4.63],
						"0.9583": [-0.37, -6.36, -5.12],
						"1.0833": [-1, -4.41, -7],
						"1.2083": [0, -4, -2],
						"1.2917": [0, -4, 0],
						"1.4583": [0, 0, 0],
						"1.7917": [0, 0, 0]
					}
				}
			}
		},
		"reload": {
			"animation_length": 2,
			"bones": {
				"gun": {
					"rotation": {
						"0.0": [0, 0, 0],
						"0.0417": [-1.69803, -0.03349, 1.23147],
						"0.0833": [-6.24587, -0.12393, 4.53007],
						"0.125": [-12.7042, -0.25392, 9.21511],
						"0.1667": [-20.0171, -0.40383, 14.52136],
						"0.2083": [-27.08085, -0.55297, 19.64886],
						"0.25": [-32.82231, -0.68116, 23.81981],
						"0.2917": [-36.27, -0.77, 26.33],
						"0.3333": [-37.38424, -0.80524, 27.14433],
						"0.375": [-37.65954, -0.81395, 27.34553],
						"0.4167": [-37.58152, -0.81148, 27.28851],
						"0.4583": [-37.31234, -0.80297, 27.09179],
						"0.6667": [-35.22766, -0.73703, 25.56821],
						"0.7083": [-34.95848, -0.72852, 25.37149],
						"0.75": [-34.88046, -0.72605, 25.31447],
						"0.7917": [-35.15576, -0.73476, 25.51567],
						"0.8333": [-36.27, -0.77, 26.33],
						"0.875": [-38.50042, -0.83281, 27.95644],
						"1.0": [-46.06284, -1.00032, 33.44961],
						"1.0417": [-48.35505, -1.04492, 35.11172],
						"1.0833": [-50.29067, -1.08111, 36.51456],
						"1.125": [-51.67733, -1.10622, 37.51916],
						"1.1667": [-52.2308, -1.11599, 37.92001],
						"1.375": [-52.2308, -1.11599, 37.92001],
						"1.5417": [-52.2308, -1.11599, 37.92001],
						"1.5833": [-50.20599, -1.07272, 36.44999],
						"1.625": [-46.02314, -0.98335, 33.4132],
						"1.6667": [-40.84324, -0.87267, 29.65255],
						"1.7083": [-35.13136, -0.75063, 25.50567],
						"1.8333": [-17.09943, -0.36535, 12.41434],
						"1.875": [-11.38755, -0.24331, 8.26746],
						"1.9167": [-6.20765, -0.13264, 4.50681],
						"1.9583": [-2.0248, -0.04326, 1.47003],
						"2.0": [0, 0, 0]
					},
					"position": {
						"0.0": [0, 0, 0],
						"0.0417": [-0.0957, 0.03003, -0.0957],
						"0.0833": [-0.3525, 0.1111, -0.3525],
						"0.125": [-0.71821, 0.22763, -0.71821],
						"0.1667": [-1.13408, 0.36199, -1.13408],
						"0.2083": [-1.53863, 0.49564, -1.53863],
						"0.25": [-1.87202, 0.61048, -1.87202],
						"0.2917": [-2.08, 0.69, -2.08],
						"0.3333": [-2.20288, 0.82455, -2.12178],
						"0.375": [-2.263, 1.26703, -1.763],
						"0.4167": [-2.19801, 1.65707, -1.27911],
						"0.4583": [-2.15, 1.72, -1.15],
						"0.5": [-2.10899, 1.65969, -1.15376],
						"0.5417": [-2.06347, 1.53911, -1.20991],
						"0.5833": [-2.01982, 1.38873, -1.29774],
						"0.625": [-1.98227, 1.2255, -1.4067],
						"0.6667": [-1.95476, 1.06172, -1.53033],
						"0.7083": [-1.94184, 0.90881, -1.66392],
						"0.75": [-1.94986, 0.78008, -1.80342],
						"0.7917": [-1.98913, 0.69504, -1.94436],
						"0.8333": [-2.08, 0.69, -2.08],
						"0.875": [-2.21805, 0.7949, -2.07194],
						"0.9167": [-2.36579, 0.96683, -1.86544],
						"0.9583": [-2.51425, 1.17478, -1.54122],
						"1.0": [-2.6563, 1.39627, -1.1563],