{
	"format_version": "1.8.0",
	"animations": {
		"reload": {
			"animation_length": 3,
			"bones": {
				"gun": {
					"rotation": {
						"0.0": [0, 0, 0],
						"0.0417": [0.99008, 0, 0.67733],
						"0.0833": [-2.38, 0, 10],
						"0.125": [-5.46403, -0.10828, 14.96148],
						"0.1667": [-11.77431, -1.17431, 19.97584],
						"0.2083": [-19.70401, -3.98658, 22.89724],
						"0.25": [-25, -6.48, 25],
						"0.2917": [-29.37773, -8.97282, 26.97275],
						"0.3333": [-32.02952, -11.78196, 28.1622],
						"0.375": [-31.21893, -12.84487, 27.79043],
						"0.4167": [-30.86748, -12.95254, 27.63074],
						"0.8333": [-30.86748, -12.95254, 27.63074],
						"0.875": [-33.23009, -13.92957, 28.63387],
						"0.9583": [-57.63739, -24.02297, 38.99687],
						"1.0": [-60, -25, 40],
						"1.0417": [-59.36993, -23.06304, 39.83132],
						"1.125": [-52.86087, -3.05295, 38.0887],
						"1.1667": [-52.2308, -1.11599, 37.92001],
						"1.4583": [-52.2308, -1.11599, 37.92001],
						"1.5": [-52.45024, -0.94324, 37.69631],
						"2.0": [-58.45974, 3.78749, 31.57016],
						"2.125": [-59.78056, 4.82725, 30.2237],
						"2.1667": [-60, 5, 30],
						"2.2083": [-54.94155, 6.21811, 29.33917],
						"2.25": [-41.57551, 9.43673, 27.59305],
						"2.2917": [-22.9881, 13.91269, 25.16481],
						"2.3333": [-2.618, 18.81793, 22.50369],
						"2.375": [15.96941, 23.29389, 20.07546],
						"2.4167": [29.33545, 26.51251, 18.32933],
						"2.4583": [34.3939, 27.73062, 17.6685],
						"2.7083": [34.3939, 27.73062, 17.6685],
						"2.75": [32.55077, 26.24457, 16.72167],
						"2.7917": [27.68065, 22.31795, 14.21984],
						"2.8333": [20.90803, 16.85743, 10.74067],
						"2.875": [13.48587, 10.87319, 6.92783],
						"2.9167": [6.71325, 5.41266, 3.44867],
						"2.9583": [1.84313, 1.48605, 0.94683],
						"3.0": [0, 0, 0]
					},
					"position": {
						"0.0": [0, 0, 0],
						"0.0417": [-0.24908, 0.04151, -0.04151],
						"0.0833": [-0.78611, 0.13102, -0.13102],
						"0.125": [-1.46398, 0.244, -0.244],
						"0.1667": [-2.21571, 0.36929, -0.36929],
						"0.25": [-3.78429, 0.63071, -0.63071],
						"0.2917": [-4.53602, 0.756, -0.756],
						"0.3333": [-5.21389, 0.86898, -0.86898],
						"0.375": [-5.75092, 0.95849, -0.95849],
						"0.4167": [-6, 1, -1],
						"0.4583": [-5.9401, 1.01198, -1],
						"0.5": [-5.76156, 1.04769, -1],
						"0.5833": [-5.23844, 1.15231, -1],
						"0.625": [-5.0599, 1.18802, -1],
						"0.6667": [-5, 1.2, -1],
						"0.7083": [-5.0811, 1.18378, -1],
						"0.7917": [-5.9189, 1.01622, -1],
						"0.8333": [-6, 1, -1],
						"0.875": [-5.9189, 1, -1.0811],
						"0.9583": [-5.0811, 1, -1.9189],
						"1.0": [-5, 1, -2],
						"1.0417": [-4.9189, 1, -2.0811],
						"1.125": [-4.0811, 1, -2.9189],
						"1.1667": [-4, 1, -3],
						"1.4583": [-4, 1, -3],
						"1.5": [-4, 1, -2.94641],
						"1.5417": [-4, 1, -2.80481],
						"1.5833": [-4, 1, -2.6079],
						"1.625": [-4, 1, -2.3921],
						"1.6667": [-4, 1, -2.19519],
						"1.7083": [-4, 1, -2.05359],
						"1.75": [-4, 1, -2],
						"1.7917": [-4, 1.04122, -1.74237],
						"1.8333": [-4, 1.35878, 0.24237],
						"1.875": [-4, 1.4, 0.5],
						"1.9167": [-4, 1.37856, 0.36603],
						"1.9583": [-4, 1.32193, 0.01203],
						"2.0": [-4, 1.24316, -0.48025],
						"2.0417": [-4, 1.15684, -1.01975],
						"2.0833": [-4, 1.07807, -1.51203],
						"2.125": [-4, 1.02144, -1.86603],
						"2.1667": [-4, 1, -2],
						"2.2083": [-3.94641, 1, -2.05359],
						"2.25": [-3.80481, 1, -2.19519],
						"2.2917": [-3.6079, 1, -2.3921],
						"2.3333": [-3.3921, 1, -2.6079],
						"2.375": [-3.19519, 1, -2.80481],
						"2.4167": [-3.05359, 1, -2.94641],
						"2.4583": [-3, 1, -3],
						"2.7083": [-3, 1, -3],
						"2.75": [-2.71615, 0.98378, -2.73237],
						"2.8333": [0.21615, 0.81622, 0.03237],
						"2.875": [0.5, 0.8, 0.3],
						"2.9167": [0.44847, 0.71756, 0.26908],
						"2.9583": [0.05153, 0.08244, 0.03092],
						"3.0": [0, 0, 0]
					}
				},
				"pump": {
					"position": {
						"2.4583": [0, 0, 0],
						"2.5": [0.2061, 0, 0],
						"2.5417": [1.7939, 0, 0],
						"2.5833": [2, 0, 0],
						"2.625": [2, 0, 0],
						"2.7083": [0, 0, 0]
					}
				},
				"left_arm": {
					"rotation": {
						"0.0": [-80, -55, 0],
						"0.5": [-80, -55, 0],
						"0.75": [-80, -55, 0],
						"0.875": [-98.06675, -55.21437, 21.93887],
						"1.1667": [-114.37403, -51.66942, 42.15409],
						"1.4167": [-114.37, -51.67, 42.15],
						"1.9583": [-114.37, -51.67, 42.15],
						"2.0": [-113.11876, -51.79123, 40.61553],
						"2.0417": [-110.62462, -52.03288, 37.55681],
						"2.0833": [-107.58425, -52.32745, 33.82823],
						"2.125": [-104.24954, -52.65054, 29.73867],
						"2.2917": [-90.12046, -54.01946, 12.41133],
						"2.3333": [-86.78575, -54.34255, 8.32177],
						"2.375": [-83.74538, -54.63712, 4.59319],
						"2.4167": [-81.25124, -54.87877, 1.53447],
						"2.4583": [-80, -55, 0],
						"3.0": [-80, -55, 0]
					},
					"position": {
						"0.0": [4, -0.5, -6],
						"0.1667": [7.67, -9.17, -13.33],
						"0.25": [8, -8.5, -14],
						"0.5": [8, -5.5, -14],
						"0.875": [8, -6.5, -14],
						"1.0": [7.25, -7, -13],
						"1.0417": [7, -7.5, -12],
						"1.1667": [8, -10.5, -10],
						"1.3333": [8, -7.07, -5.71],
						"1.4167": [8, -5.5, -6],
						"1.5": [8, -6.5, -6],
						"1.7083": [8, -9.5, -7],
						"1.7917": [8, -5.5, -6],
						"1.9583": [8, -5.5, -6],
						"2.0833": [8.79, -7.72, -6.2],
						"2.125": [8.93371, -7.2177, -6.23581],
						"2.1667": [9.26007, -6.07695, -6.31715],
						"2.2083": [9.68213, -4.60172, -6.42234],
						"2.25": [10.15242, -2.95789, -6.53954],
						"2.2917": [10.63758, -1.26211, -6.66046],
						"2.3333": [11.10787, 0.38172, -6.77766],
						"2.375": [11.52993, 1.85695, -6.88285],
						"2.4167": [11.85629, 2.9977, -6.96419],
						"2.4583": [12, 3.5, -7],
						"2.5": [12.12165, 3.5, -7],
						"2.5833": [13.37835, 3.5, -7],
						"2.625": [13.5, 3.5, -7],
						"2.6667": [12.36078, 3.63178, -9.52232],
						"2.7083": [9.11, 2.91, -11.85],
						"3.0": [4, -0.5, -6]
					},
					"scale": [0.75, 1, 0.75]
				},
				"extra_ammo": {
					"rotation": {
						"0.4167": [0, 0, 0],
						"0.625": [0, 0, 0],
						"0.7083": [10, 0, 0],
						"0.875": [30, 0, 0],
						"0.9167": [39.41, 0, 0],
						"0.9583": [42.72988, 19.26855, -16.29348],
						"1.0": [42.72988, 19.26855, -16.29348],
						"1.0417": [42.72988, 19.26855, -16.29348],
						"1.125": [18.82, 0, 0],
						"3.0": [18.82, 0, 0]
					},
					"position": {
						"0.4167": [0, 0, 0],
						"0.4583": [0, -0.21435, 0],
						"0.5": [0, -0.78075, 0],
						"0.5417": [0, -1.5684, 0],
						"0.5833": [0, -2.4316, 0],
						"0.625": [0, -3.21925, 0],
						"0.6667": [0, -3.78565, 0],
						"0.7083": [0, -4, 0],
						"0.875": [-1, -8.5, 3],
						"0.9167": [0, -8.57, 5.5],
						"0.9583": [2, -9.57, 8.5],
						"1.0": [3, -10.57, 8.5],
						"1.0417": [4, -12.57, 11.5],
						"1.125": [6.53, -47.17, 45],
						"3.0": [6.53, -47.17, 45]
					}
				},
				"ammo": {
					"rotation": {
						"0.0": [0, 0, 0],
						"0.4167": [19.41, 0, 0],
						"0.7083": [22.48072, 0.95645, -2.30991],
						"0.8333": [-6.25, 0, 0],
						"1.0": [-37.81, 0, 0],
						"1.2083": [-23.63, 0, 0],
						"1.3333": [0, 0, 0],
						"1.4583": [0, 0, 0],
						"1.9583": [0, 0, 0]
					},
					"position": {
						"0.0": [0, -8, -8],
						"0.4167": [0, -4.5, -8.36],
						"0.5": [0, -2.9, -8.57],
						"0.7083": [0, -3.17, -8.68],
						"0.8333": [0, -3.31, -8.23],
						"1.0": [-1, -4.41, -7],
						"1.2083": [-0.62, -7.26, -2.37],
						"1.3333": [0, -4, 0],
						"1.4583": [0, 0, 0],
						"1.9583": [0, 0, 0]
					}
				}
			}
		},
		"tacreload": {
			"animation_length": 2,
			"bones": {
				"gun": {
					"rotation": {
						"0.0": [0, 0, 0],
						"0.0417": [0.99008, 0, 0.67733],
						"0.0833": [-2.38, 0, 10],
						"0.125": [-5.46403, -0.10828, 14.96148],
						"0.1667": [-11.77431, -1.17431, 19.97584],
						"0.2083": [-19.70401, -3.98658, 22.89724],