{
	"format_version": "1.8.0",
	"animations": {
		"reload": {
			"animation_length": 4,
			"bones": {
				"gun": {
					"rotation": {
						"0.0": [0, 0, 0],
						"0.4167": [-17.25002, 2.99318, 14.54589],
						"0.7083": [-14.25743, -3.85868, 11.38425],
						"0.8333": [-13.87999, -6.13603, 11.93049],
						"1.0": [-18.36368, -3.61773, 10.85828],
						"1.2083": [-17.17, -3.38, 10.15],
						"1.25": [-17.29301, -3.4045, 10.22299],
						"1.2917": [-18.24067, -3.59323, 10.78529],
						"1.3333": [-18.36368, -3.61773, 10.85828],
						"1.375": [-18.30824, -3.54087, 11.03927],
						"1.4583": [-17.73545, -2.74686, 12.90901],
						"1.5": [-17.68, -2.67, 13.09],
						"1.875": [-21.52927, -1.08032, 16.81967],
						"2.0": [-21.53, -1.08, 16.82],
						"2.0833": [-21.53, -1.08, 16.82],
						"2.2083": [-21.53, -1.08, 16.82],
						"2.2917": [-21.46753, -1.99633, 14.49312],
						"2.3333": [-21.53, -1.08, 16.82],
						"2.4167": [-19.03, -1.08, 16.82],
						"2.5": [-21.53, -1.08, 16.82],
						"2.5417": [-21.8752, -1.23309, 16.89655],
						"2.5833": [-23.11889, -1.78463, 17.17233],
						"2.625": [-24.98401, -2.61177, 17.58592],
						"2.6667": [-26.2277, -3.16332, 17.86171],
						"2.7083": [-26.5729, -3.3164, 17.93826],
						"2.75": [-26.16393, -3.13504, 17.84757],
						"2.8333": [-21.93897, -1.26137, 16.91069],
						"2.875": [-21.53, -1.08, 16.82],
						"2.9167": [-21.09995, -1.05843, 16.48403],
						"3.2083": [-15.3, -0.77, 11.95],
						"3.2917": [-21.97, -0.73, 11.3],
						"3.375": [-16.14, -0.69, 10.66],
						"3.4167": [-12.81, -0.64, 10.01],
						"3.5": [-10.32742, -0.51805, 8.06815],
						"3.8333": [-2.63775, -0.13232, 2.0607],
						"3.9583": [-0.43005, -0.02157, 0.33597],
						"4.0": [0, 0, 0]
					},
					"position": {
						"0.0": [0, 0, 0],
						"0.4167": [3, 0, 0],
						"0.7083": [3.8, 0, 0],
						"0.8333": [3.71, 0, -0.25],
						"1.0": [3.8, 0, 0],
						"1.2083": [3.55, 0, 0],
						"1.25": [3.57576, 0, 0],
						"1.2917": [3.77424, 0, 0],
						"1.3333": [3.8, 0, 0],
						"1.375": [3.8073, -0.06082, -0.03001],
						"1.4583": [3.8827, -0.68918, -0.33999],
						"1.5": [3.89, -0.75, -0.37],
						"1.875": [4.97, -2, -1],
						"2.0": [4.37, -2.5, -1],
						"2.0833": [5.37, -2, -1],
						"2.125": [5.37, -1.89695, -0.89695],
						"2.1667": [5.37, -1.10305, -0.10305],
						"2.2083": [5.37, -1, 0],
						"2.2917": [5.37, -2, -1],
						"2.5": [5.37, -2, -1],
						"2.5417": [5.37, -2.06845, -0.93155],
						"2.5833": [5.37, -2.31507, -0.68493],
						"2.625": [5.37, -2.68493, -0.31507],
						"2.6667": [5.37, -2.93155, -0.06845],
						"2.7083": [5.37, -3, 0],
						"2.75": [5.37, -2.9189, -0.0811],
						"2.8333": [5.37, -2.0811, -0.9189],
						"2.875": [5.37, -2, -1],
						"2.9167": [5.26274, -1.96005, -0.98003],
						"2.9583": [5.09513, -1.89763, -0.94881],
						"3.0": [4.90867, -1.82818, -0.91409],
						"3.5833": [2.13993, -0.797, -0.3985],
						"3.7917": [0.86087, -0.32062, -0.16031],
						"3.875": [0.46133, -0.17182, -0.08591],
						"3.9167": [0.27487, -0.10237, -0.05119],
						"3.9583": [0.10726, -0.03995, -0.01997],
						"4.0": [0, 0, 0]
					}
				},
				"ammo": {
					"rotation": {
						"0.0": [0, 0, 0],
						"0.875": [0, 0, 0],
						"0.9167": [1.14791, -0.43325, -0.28151],
						"0.9583": [3.36636, -1.27054, -0.82555],
						"1.0": [6.03565, -2.27798, -1.48016],
						"1.0417": [8.94887, -3.3775, -2.19459],
						"1.2083": [21.40473, -8.07861, -5.24923],
						"1.25": [24.45772, -9.23087, -5.99793],
						"1.2917": [27.37095, -10.33039, -6.71236],
						"1.3333": [30.04024, -11.33783, -7.36697],
						"1.375": [32.25868, -12.17512, -7.91101],
						"1.4167": [33.40659, -12.60837, -8.19252],
						"1.875": [30.58465, -11.54314, -7.49881],
						"2.0": [30.02, -11.33, -7.36],
						"2.5": [0, 0, 0],
						"4.0": [0, 0, 0]
					},
					"position": {
						"0.0": [0, 0, 0],
						"0.7083": [0, 0, 0],
						"0.875": [0, 0, -1],
						"0.9167": [0, -0.20617, -1.71713],
						"0.9583": [0, -0.60462, -3.10305],
						"1.0": [0, -1.08403, -4.77063],
						"1.0417": [0, -1.60726, -6.5906],
						"1.0833": [0, -2.1556, -8.49789],
						"1.125": [0, -2.71715, -10.45116],
						"1.1667": [0, -3.28285, -12.41884],
						"1.2083": [0, -3.8444, -14.37211],
						"1.25": [0, -4.39274, -16.2794],
						"1.2917": [0, -4.91597, -18.09937],
						"1.3333": [0, -5.39538, -19.76695],
						"1.375": [0, -5.79383, -21.15287],
						"1.4167": [0, -6, -21.87],
						"1.4583": [0, -6.0127, -21.79771],
						"1.5": [0, -6.03659, -21.66172],
						"1.5417": [0, -6.06502, -21.49986],
						"1.7917": [0, -6.26173, -20.38012],
						"1.875": [0, -6.32498, -20.02014],
						"1.9167": [0, -6.35341, -19.85828],
						"1.9583": [0, -6.3773, -19.72229],
						"2.0": [0, -6.39, -19.65],
						"2.5": [0, 0, 0],
						"4.0": [0, 0, 0]
					}
				},
				"right_arm": {
					"rotation": {
						"0.0": [0, 0, -80],
						"4.0": [0, 0, -80]
					},
					"position": {
						"0.0": [9, 1, 0],
						"4.0": [9, 1, 0]
					},
					"scale": [0.75, 1, 0.75]
				},
				"left_arm": {
					"rotation": {
						"0.0": [-30, -4, -70],
						"0.25": [-17.5, -4, -70],
						"0.4167": [-18.46359, -0.07099, -58.12368],
						"0.5833": [-26.5, -0.25, -58.68],
						"0.75": [-24.21, -0.48, -59.37],
						"0.8333": [-21.79, -0.53, -59.51],
						"0.9167": [-25.29834, -1.38514, -62.16041],
						"0.9583": [-12.00814, -1.71524, -64.81066],
						"1.0": [-9.75, -1.75, -64.88],
						"1.125": [22.79, 0.8, -66.25],
						"1.5417": [66.27675, 9.30475, -70.79908],
						"1.875": [66.27675, 9.30475, -70.79908],
						"2.0833": [45.06, 6.37, -70.62],
						"2.25": [22.79, 0.8, -66.25],
						"2.3333": [7.78, 0.57, -66.43],
						"2.4167": [-6.50985, 1.19803, -59.1585],
						"2.5": [-20.25, 0.92, -59.73],
						"3.0": [-20.25, 0.92, -59.73],
						"3.125": [-34.34098, 1.51097, -59.37597],
						"3.25": [-33.69, 0.68, -60.97],
						"3.375": [-33.69, 0.68, -60.97],
						"3.6667": [-21.97, -1.5, -65.18],
						"4.0": [-30, -4, -70]
					},
					"position": {
						"0.0": [3, 0, -9],
						"0.25": [4.2, -1, -12.6],
						"0.4167": [5, -1, -12],
						"0.5833": [6.91, -2, -11.95],
						"0.9167": [7.91, -2, -12],
						"0.9583": [8.84, 0, -10.92],
						"1.0": [8.76, -1, -11.89],
						"1.125": [10.52, -2.96, -12],
						"1.3333": [9.98, -4.75, -15],
						"2.0833": [8.02, -3.41, -14],
						"2.25": [10.52, -2.96, -12],
						"2.4167": [8.8, -2.68, -12],
						"2.5": [7.49, -0.54, -12],
						"3.0": [7.49, -0.54, -9.66],
						"3.125": [5.74, -2.45, -9.55],
						"3.25": [5.33, -1.08, -9.47],
						"3.375": [5.33, -1.08, -9.47],
						"3.4583": [5.74, -2.45, -9.55],
						"4.0": [3, 0, -9]
					},
					"scale": [0.75, 1.3, 0.75]
				}
			}
		}
	}
}