{
	"format_version": "1.8.0",
	"animations": {
		"reload": {
			"animation_length": 4,
			"bones": {
				"gun": {
					"rotation": {
						"0.0": [0, 0, 0],
						"0.0417": [0.89537, -0.44769, -0.35815],
						"0.0833": [2.92879, -1.46439, -1.17151],
						"0.125": [5.55844, -2.77922, -2.22338],
						"0.25": [14.44156, -7.22078, -5.77662],
						"0.2917": [17.07121, -8.53561, -6.82849],
						"0.3333": [19.10463, -9.55231, -7.64185],
						"0.375": [20, -10, -8],
						"0.9167": [20, -10, -8],
						"1.4583": [20, -10, -8],
						"2.0": [20, -10, -8],
						"2.125": [20, -10, -8],
						"2.1667": [20, -9.7005, -8],
						"2.2083": [20, -8.80782, -8],
						"2.2917": [20, -6.19218, -8],
						"2.3333": [20, -5.2995, -8],
						"2.375": [20, -5, -8],
						"2.5833": [20, -5, -8],
						"2.625": [20, -5.34226, -8],
						"2.6667": [20, -6.57537, -8],
						"2.7083": [20, -8.42463, -8],
						"2.75": [20, -9.65774, -8],
						"2.7917": [20, -10, -8],
						"2.8333": [21.15488, -11.21897, -8.08422],
						"2.875": [16.62, -6.32, -7.82],
						"2.9167": [13.10482, -2.51836, -7.61307],
						"2.9583": [8.87252, 2.03303, -7.3679],
						"3.0": [4.84065, 6.08753, -7.08453],
						"3.0417": [2.43684, 7.97282, -6.80847],
						"3.0833": [1.38, 8.19, -6.56],
						"3.125": [-0.82653, 7.10289, -5.8069],
						"3.1667": [-6.15646, 4.47476, -4.03076],
						"3.2083": [-13.61588, 0.76844, -1.53888],
						"3.25": [-20.95411, -2.93726, 0.95254],
						"3.2917": [-25.95661, -5.56374, 2.72742],
						"3.3333": [-27.70212, -6.64851, 3.47875],
						"3.375": [-27.77088, -6.83555, 3.62194],
						"3.5833": [-27.62712, -6.4445, 3.32257],
						"3.625": [-27.63336, -6.46147, 3.33556],
						"3.6667": [-27.70212, -6.64851, 3.47875],
						"3.7083": [-26.4342, -6.54581, 3.4786],
						"3.75": [-23.19725, -5.8535, 3.13883],
						"3.7917": [-18.83548, -4.81426, 2.59707],
						"3.875": [-9.05786, -2.3544, 1.27989],
						"3.9167": [-4.66064, -1.21871, 0.66429],
						"3.9583": [-1.36173, -0.35788, 0.19551],
						"4.0": [0, 0, 0]
					},
					"position": {
						"0.0": [0, 0, 0],
						"0.0417": [0, 0.00348, -0.0058],
						"0.0833": [0, -0.25603, -0.33676],
						"0.125": [0, -0.56, -0.65],
						"0.1667": [0, -0.83513, -0.90349],
						"0.2083": [0, -1.20028, -1.10192],
						"0.25": [0, -1.52, -1.4],
						"0.2917": [0, -1.85144, -1.74381],
						"0.3333": [0, -2.0206, -2.00823],
						"0.375": [0, -2, -2],
						"0.4167": [0, -2.05153, -2],
						"0.4583": [0, -2.44847, -2],
						"0.5": [0, -2.5, -2],
						"0.5417": [0, -2.44847, -2],
						"0.5833": [0, -2.05153, -2],
						"0.625": [0, -2, -2],
						"0.6667": [-0.08954, -2, -2],
						"0.7083": [-0.29288, -2, -2],
						"0.75": [-0.55584, -2, -2],
						"0.875": [-1.44416, -2, -2],
						"0.9167": [-1.70712, -2, -2],
						"0.9583": [-1.91046, -2, -2],
						"1.0": [-2, -2, -2],
						"1.0417": [-1.7939, -2, -2],
						"1.0833": [-0.2061, -2, -2],
						"1.125": [0, -2, -2],
						"1.1667": [0, -2.01198, -2.01198],
						"1.2083": [0, -2.04769, -2.04769],
						"1.2917": [0, -2.15231, -2.15231],
						"1.3333": [0, -2.18802, -2.18802],
						"1.375": [0, -2.2, -2.2],
						"1.4167": [0, -2.17761, -2.2435],
						"1.4583": [0, -2.11035, -2.37263],
						"1.5417": [0, -1.90768, -2.7454],
						"1.5833": [0, -1.83293, -2.86704],
						"1.625": [0, -1.8, -2.9],
						"1.6667": [0, -1.79608, -2.86907],
						"2.2083": [0, -1.89609, -2.06061],
						"2.25": [0, -1.9, -2],
						"2.2917": [0, -1.90343, -1.96503],
						"2.75": [0, -1.99656, -1.99562],
						"2.7917": [0, -2, -2],
						"2.8333": [0, -2.02647, -2.02647],
						"2.875": [0, -1.96, -1.96],
						"2.9167": [0, -2.4279, -1.9279],
						"2.9583": [0, -2.85, -1.85],
						"3.0": [0, -2.66997, -1.77302],
						"3.0417": [0, -1.80473, -1.70168],
						"3.0833": [0, -1.63, -1.63],
						"3.125": [0, -1.54576, -1.54576],
						"3.1667": [0, -1.43822, -1.43822],
						"3.25": [0, -1.19081, -1.19081],
						"3.2917": [0, -1.08367, -1.08367],
						"3.3333": [0, -1, -1],
						"3.375": [0.0811, -0.93282, -0.93282],
						"3.4167": [0.5, -0.90772, -0.90772],
						"3.4583": [0.9189, -0.96062, -0.96062],
						"3.5": [1, -1, -1],
						"3.5417": [0.9189, -1.03938, -1.03938],
						"3.5833": [0.5, -1.09228, -1.09228],
						"3.625": [0.0811, -1.06718, -1.06718],
						"3.6667": [0, -1, -1],
						"3.7083": [0, -0.84503, -0.90829],
						"3.75": [0, -0.32533, -0.71533],
						"3.7917": [0, 0.25805, -0.45869],
						"3.8333": [0, 0.5, -0.28],
						"3.875": [0, 0.59281, -0.12393],
						"3.9167": [0, 0.38999, -0.00001],
						"3.9583": [0, 0.06882, 0.00557],
						"4.0": [0, 0, 0]
					}
				},
				"slide": {
					"position": {
						"3.3333": [0, 0, 0],
						"3.4583": [4, 0, 0],
						"3.5833": [4, 0, 0],
						"3.6667": [0, 0, 0]
					}
				},
				"ammo": {
					"rotation": {
						"0.375": [0, 0, 0],
						"0.4583": [0, 0, -5],
						"0.5": [0, 0, -5.11636],
						"0.5417": [0, 0, -5.9505],
						"0.5833": [0, 0, -6],
						"0.625": [0, 0, -6.20228],
						"0.6667": [0, 0, -6.92058],
						"0.75": [0, 0, -9.07942],
						"0.7917": [0, 0, -9.79772],
						"0.8333": [0, 0, -10],
						"0.875": [0, 0, -10.12284],
						"0.9583": [0, 0, -11.87716],
						"1.0": [0, 0, -12],
						"1.0417": [0, 0, -11.18761],
						"1.0833": [0, 0, -10],
						"1.125": [0, 1.02679, -9.14161],
						"1.1667": [0, 4.72612, -6.74235],
						"1.2083": [0, 10.27388, -3.27461],
						"1.25": [0, 13.97321, -0.86812],
						"1.2917": [0, 15, 0],
						"1.3333": [0, 15.02387, 0.26759],
						"1.375": [0, 14.80194, 0.20784],
						"1.4167": [0, 14.39, 0.19],
						"1.4583": [0, 14.14674, 0.20798],
						"1.5": [0, 14.17378, 0.20598],
						"1.5833": [0, 14.60622, 0.17402],
						"1.625": [0, 14.63326, 0.17202],
						"1.6667": [0, 14.39, 0.19],
						"1.7083": [0, 24.06661, 0.20798],
						"1.75": [0, 53.66114, 0.20598],
						"1.8333": [0, 140.72886, 0.17402],
						"1.875": [0, 170.32339, 0.17202],
						"1.9167": [0, 180, 0.19],
						"1.9583": [0, 179.74344, 0.20896],
						"2.0417": [0, 180.25656, 0.17104],
						"2.0833": [0, 180, 0.19],
						"2.125": [0, 181.14556, 0.22183],
						"2.1667": [0, 180.39945, 0.25668],
						"2.2083": [0, 151.24151, 0.24784],
						"2.25": [0, 113.58, 0.22],
						"2.2917": [0, 79.7398, 0.1941],
						"2.3333": [0, 88.12907, 0.20324],
						"2.375": [0, 71.68, 0.19],
						"2.4167": [0, 49.82655, 0.17035],
						"2.4583": [0, 34.38167, 0.14516],
						"2.5": [0, 30.73649, 0.11984],
						"2.5417": [0, 25, 0.1],
						"2.5833": [-1.21081, 15.30449, -3.93193],
						"2.625": [-2.42162, 8.96114, -8],
						"2.6667": [-2.22523, 3.77738, -7.38429],
						"2.7083": [-1.21081, -0.19794, -4.03473],
						"2.75": [-0.19639, -0.21826, -0.6558],
						"2.7917": [0, 0, 0]
					},
					"position": {
						"0.375": [0, 0, 0],
						"0.4583": [0.5, 0.75, 0],
						"0.5": [0.60701, 0.77849, 0],
						"0.5417": [1.40806, 0.9852, 0],
						"0.5833": [1.49, 1, 0],
						"0.625": [1.62278, 1.04142, 0],
						"0.6667": [1.97581, 1.15884, 0],
						"0.7083": [2.45419, 1.31951, 0],
						"0.7917": [3.52581, 1.68049, 0],
						"0.8333": [4.00419, 1.84116, 0],
						"0.875": [4.35722, 1.95858, 0],
						"0.9167": [4.49, 2, 0],
						"0.9583": [4.50374, 1.9738, 0],
						"1.0": [4.67181, 1.91286, 0],
						"1.0417": [5.15647, 1.83619, 0],
						"1.0833": [5.8755, 1.79699, 0],
						"1.125": [6.63, 1.8, 0],
						"1.1667": [7.56237, 1.77163, -0.06477],
						"1.2083": [9.08308, 1.53927, -0.59648],
						"1.25": [9.93336, 1.27371, -1.80744],
						"1.2917": [9.95, 1.2, -2.8],
						"1.3333": [9.8555, 1.1825, -3.6435],
						"1.375": [10.0445, 1.2175, -4.1565],
						"1.4167": [9.95, 1.2, -5],
						"1.4583": [9.87633, 0.52015, -5.53679],
						"1.5": [9.90665, -1.45446, -5.37637],
						"1.5417": [9.95793, -4.33132, -4.74754],
						"1.5833": [9.89786, -7.19984, -4.16066],
						"1.625": [9.6273, -9.1519, -4.1136],
						"1.6667": [9.13, -9.8, -4.81],