{
	"format_version": "1.8.0",
	"animations": {
		"reload": {
			"animation_length": 3,
			"bones": {
				"gun": {
					"rotation": {
						"0.0": [0, 0, 0],
						"0.25": [-25, -5, 30],
						"0.4167": [-15, -10, 5],
						"0.6667": [-30, -30, 30],
						"0.7083": [-31.49748, -29.7005, 31.19798],
						"0.75": [-35.9609, -28.80782, 34.76872],
						"0.8333": [-49.0391, -26.19218, 45.23128],
						"0.875": [-53.50252, -25.2995, 48.80202],
						"0.9167": [-55, -25, 50],
						"1.4583": [-55, -25, 50],
						"1.5417": [-55, -25, 50],
						"1.7083": [-75, 0, 70],
						"1.875": [-75, 0, 70],
						"2.0417": [1.67, 0, 56.67],
						"2.25": [40, 0, 50],
						"2.4583": [40, 0, 50],
						"2.5": [40, 0.59899, 49.40101],
						"2.5417": [40, 2.38436, 47.61564],
						"2.625": [40, 7.61564, 42.38436],
						"2.6667": [40, 9.40101, 40.59899],
						"2.7083": [40, 10, 40],
						"2.75": [37.85645, 9.46411, 37.85645],
						"2.7917": [32.19251, 8.04813, 32.19251],
						"2.8333": [24.31598, 6.07899, 24.31598],
						"2.875": [15.68402, 3.92101, 15.68402],
						"2.9167": [7.80749, 1.95187, 7.80749],
						"2.9583": [2.14355, 0.53589, 2.14355],
						"3.0": [0, 0, 0]
					},
					"position": {
						"0.0": [0, 0, 0],
						"0.25": [0, 2.5, -2],
						"0.4167": [0, 0, -1],
						"0.6667": [0, 1, -2],
						"0.7083": [0, 1.0599, -2],
						"0.75": [0, 1.23844, -2],
						"0.8333": [0, 1.76156, -2],
						"0.875": [0, 1.9401, -2],
						"0.9167": [0, 2, -2],
						"1.4583": [0, 2, -2],
						"1.5417": [0, 2, -2],
						"1.5833": [0, 2.0811, -2],
						"1.6667": [0, 2.9189, -2],
						"1.7083": [0, 3, -2],
						"1.75": [0, 3, -1.8378],
						"1.8333": [0, 3, -0.1622],
						"1.875": [0, 3, 0],
						"1.9167": [0, 2.89214, -0.05434],
						"2.0": [0, 1.77786, -0.61566],
						"2.0417": [0, 1.67, -0.67],
						"2.25": [0, 1, -1],
						"2.4583": [0, 0, -1],
						"2.5": [0, 0.0599, -1],
						"2.5417": [0, 0.23844, -1],
						"2.625": [0, 0.76156, -1],
						"2.6667": [0, 0.9401, -1],
						"2.7083": [0, 1, -1],
						"2.75": [0, 0.94641, -0.94641],
						"2.7917": [0, 0.80481, -0.80481],
						"2.8333": [0, 0.6079, -0.6079],
						"2.875": [0, 0.3921, -0.3921],
						"2.9167": [0, 0.19519, -0.19519],
						"2.9583": [0, 0.05359, -0.05359],
						"3.0": [0, 0, 0]
					}
				},
				"ammo": {
					"rotation": {
						"0.25": [0, 0, 0],
						"0.4167": [0, 0, 0],
						"0.5417": [27.11771, 13.34855, -24.26701],
						"0.6667": [14.15581, 22.53245, -47.99942],
						"0.7917": [18.32399, 24.1805, -51.04634],
						"1.0": [0, 0, -8.75],
						"1.2083": [0, 0, -12.5],
						"1.25": [0, 0, -11.48627],
						"1.3333": [0, 0, -1.01373],
						"1.375": [0, 0, 0],
						"1.5417": [0, 0, 0]
					},
					"position": {
						"0.25": [0, 0, 0],
						"0.4167": [0, -2, 0],
						"0.4583": [1, -3, 0],
						"0.5": [2, -3, -0.5],
						"0.5417": [3, -4, 1],
						"0.5833": [4.11, -4.22, 0.56],
						"0.6667": [9.33, -4.67, 2.67],
						"0.7917": [8, -16, 11],
						"0.9167": [0.38, -8.07, 1.17],
						"1.0": [-0.36, -6.11, -0.39],
						"1.125": [0.76, -3.64, -0.16],
						"1.2083": [0.5, -2, 0],
						"1.25": [0.45945, -2, 0],
						"1.3333": [0.04055, -2, 0],
						"1.375": [0, -2, 0],
						"1.4167": [0, -1.8378, 0],
						"1.5": [0, -0.1622, 0],
						"1.5417": [0, 0, 0]
					}
				},
				"slide": {
					"rotation": {
						"2.1667": [0, 0, 0],
						"2.7083": [0, 0, 0]
					},
					"position": {
						"2.1667": [0, 0, 0],
						"2.4583": [2, 0, 0],
						"2.7083": [0, 0, 0]
					}
				},
				"left_arm": {
					"rotation": {
						"0.0": [-80, -50, 0],
						"0.375": [-120.50918, -22.6041, -13.9978],
						"0.5417": [-114.81, -31.07, 2.12],
						"0.7917": [-115.17739, 10.34729, -9.9184],
						"0.9167": [-105.05641, -17.95692, 3.58195],
						"1.0": [-96.85458, -27.2822, 4.84654],
						"1.2083": [-84.43101, -24.33463, 4.51576],
						"1.5417": [-76.91084, -32.54386, 2.54545],
						"1.7083": [-76.91084, -32.54386, 2.54545],
						"1.875": [-71.91, -32.54, 2.55],
						"1.9583": [-69.75, -39.1, -0.72],
						"2.125": [-66.5171, -48.9348, -5.62153],
						"2.25": [-66.52, -48.93, -5.62],
						"2.5417": [-66.52, -48.93, -5.62],
						"2.5833": [-67.04257, -48.97148, -5.40213],
						"2.625": [-68.1221, -49.05717, -4.95206],
						"2.6667": [-69.45896, -49.16329, -4.39471],
						"2.8333": [-75.58689, -49.6497, -1.83989],
						"2.875": [-77.06104, -49.76671, -1.22529],
						"2.9167": [-78.3979, -49.87283, -0.66794],
						"2.9583": [-79.47743, -49.95852, -0.21787],
						"3.0": [-80, -50, 0]
					},
					"position": {
						"0.0": [5, 0, -9],
						"0.1667": [5, -4, -10.33],
						"0.375": [5, -9, -12],
						"0.9167": [4, -7, -11],
						"1.5417": [5, -6, -11],
						"1.875": [5, -6, -11],
						"1.9583": [4.8, -7.2, -10.8],
						"2.125": [7, 1, -12],
						"2.25": [4, 1, -9],
						"2.4583": [7, 1, -9],
						"2.5417": [5.5, -1, -12],
						"2.5833": [5.48062, -0.96123, -11.8837],
						"2.625": [5.44057, -0.88115, -11.64345],
						"2.6667": [5.39099, -0.78198, -11.34593],
						"2.7083": [5.33631, -0.67262, -11.01785],
						"2.8333": [5.16369, -0.32738, -9.98215],
						"2.875": [5.10901, -0.21802, -9.65407],
						"2.9167": [5.05943, -0.11885, -9.35655],
						"2.9583": [5.01938, -0.03877, -9.1163],
						"3.0": [5, 0, -9]
					},
					"scale": [0.75, 1.25, 0.75]
				}
			}
		},
		"tacreload": {
			"animation_length": 3,
			"bones": {
				"gun": {
					"rotation": {
						"0.0": [0, 0, 0],
						"0.3333": [-25, -5, 30],
						"0.5833": [-15, -10, 5],
						"0.9583": [-30, -30, 30],
						"1.0": [-31.2176, -29.75648, 30.97408],
						"1.0417": [-34.16958, -29.16608, 33.33567],
						"1.0833": [-38.10866, -28.37827, 36.48692],
						"1.1667": [-46.89134, -26.62173, 43.51308],
						"1.2083": [-50.83042, -25.83392, 46.66433],
						"1.25": [-53.7824, -25.24352, 49.02592],
						"1.2917": [-55, -25, 50],
						"1.8333": [-55, -25, 50],
						"2.125": [-55, -25, 50],
						"2.375": [-75, 0, 70],
						"2.5417": [-75, 0, 70],
						"2.5833": [-72.09251, 0, 67.28635],
						"2.625": [-66.08621, 0, 61.68047],
						"2.6667": [-58.64822, 0, 54.73834],
						"2.7083": [-50.44633, 0, 47.08325],
						"2.75": [-41.85553, 0, 39.06516],
						"2.7917": [-33.14447, 0, 30.93484],
						"2.8333": [-24.55367, 0, 22.91675],
						"2.875": [-16.35178, 0, 15.26166],
						"2.9167": [-8.91379, 0, 8.31953],
						"2.9583": [-2.90749, 0, 2.71365],
						"3.0": [0, 0, 0]
					},
					"position": {
						"0.0": [0, 0, 0],
						"0.3333": [0, 2.5, -2],
						"0.5833": [0, 0, -1],
						"0.9583": [0, 1, -2],
						"1.0": [0, 1.0487, -2],
						"1.0417": [0, 1.16678, -2],
						"1.0833": [0, 1.32435, -2],
						"1.1667": [0, 1.67565, -2],
						"1.2083": [0, 1.83322, -2],
						"1.25": [0, 1.9513, -2],
						"1.2917": [0, 2, -2],
						"1.8333": [0, 2, -2],
						"2.125": [0, 2, -2],
						"2.1667": [0, 2.0599, -2],
						"2.2083": [0, 2.23844, -2],
						"2.2917": [0, 2.76156, -2],
						"2.3333": [0, 2.9401, -2],
						"2.375": [0, 3, -2],
						"2.4167": [0, 3, -1.8378],
						"2.5": [0, 3, -0.1622],
						"2.5417": [0, 3, 0],
						"2.5833": [0, 2.8837, 0],
						"2.625": [0, 2.64345, 0],
						"2.6667": [0, 2.34593, 0],
						"2.7083": [0, 2.01785, 0],
						"2.8333": [0, 0.98215, 0],
						"2.875": [0, 0.65407, 0],
						"2.9167": [0, 0.35655, 0],
						"2.9583": [0, 0.1163, 0],
						"3.0": [0, 0, 0]
					}
				},
				"ammo": {
					"rotation": {
						"0.3333": [0, 0, 0],
						"0.5833": [0, 0, 0],
						"0.75": [27.11771, 13.34855, -24.26701],
						"0.9583": [14.15581, 22.53245, -47.99942],
						"1.125": [18.32399, 24.1805, -51.04634],
						"1.4167": [0, 0, -8.75],
						"1.7083": [0, 0, -12.5],
						"1.75": [0, 0, -11.64434],
						"1.7917": [0, 0, -8.56156],
						"1.8333": [0, 0, -3.93844],
						"1.875": [0, 0, -0.85566],
						"1.9167": [0, 0, 0],
						"2.125": [0, 0, 0]
					},
					"position": {
						"0.3333": [0, 0, 0],
						"0.5833": [0, -2, 0],
						"0.6667": [1, -3, 0],