{
	"format_version": "1.8.0",
	"animations": {
		"reload": {
			"animation_length": 4,
			"bones": {
				"left_arm": {
					"rotation": {
						"0.0": [-80, -45, 0],
						"0.2917": [-81.50638, -47.59655, 2.02615],
						"0.5417": [-129.00638, -47.59655, 2.02615],
						"0.9167": [-126.38, -51.79, 0.52],
						"1.0833": [-96.32, -53.65, -0.15],
						"1.4167": [-76.20752, -57.3711, -1.48988],
						"1.5833": [-73.84288, -52.44462, 0.17778],
						"1.75": [-69.52424, -52.31475, -0.56147],
						"2.0": [-69.52424, -52.31475, -0.56147],
						"2.75": [-74.85, -50.22, 0.59],
						"3.4167": [-80, -45, 0],
						"4.0": [-80, -45, 0]
					},
					"position": {
						"0.0": [6, 0.1, -9.5],
						"0.2917": [6, 0.1, -9.5],
						"0.5417": [6, -4.9, -9.5],
						"1.0833": [1.05, -1.8, -8.88],
						"1.4167": [-2, 0.1, -8.5],
						"1.5833": [-1, 0.1, -8.5],
						"1.75": [0, 0.1, -8.5],
						"2.0": [0, 0.1, -8.5],
						"2.75": [2.67, 0.1, -8.94],
						"3.4167": [6, 0.1, -9.5],
						"4.0": [6, 0.1, -9.5]
					},
					"scale": [0.75, 1.25, 0.75]
				},
				"gun": {
					"rotation": {
						"0.0": [0, 0, 0],
						"0.4167": [-16.36452, -34.22348, 27.56928],
						"1.0": [-16.36452, -34.22348, 27.56928],
						"2.0": [-16.36452, -34.22348, 27.56928],
						"2.75": [-16.36, -34.22, 27.57],
						"3.0833": [-12.37131, -14.41754, 29.11821],
						"3.25": [-10.36685, -9.30211, 28.85494],
						"3.2917": [-10.36685, -9.30211, 28.85494],
						"3.5417": [-1.2699, -1.9449, -10.19185],
						"3.6667": [-1.2699, -1.9449, -10.19185],
						"3.875": [-0.41258, -0.40838, -1.29999],
						"4.0": [0, 0, 0]
					},
					"position": {
						"0.0": [0, 0, 0],
						"0.4167": [0, -1, -2],
						"1.0": [0, -3, 1],
						"1.375": [0, -3, 1.2],
						"1.7083": [0, -3, 0.8],
						"2.0": [0, -3, 1],
						"2.75": [1, -3, 1.5],
						"3.0833": [0, -1.5, 0.5],
						"3.5417": [0, -1.11, 0.04],
						"3.6667": [0, -0.11, 0.04],
						"3.875": [0, -0.5, 0.01],
						"4.0": [0, 0, 0]
					}
				},
				"ammo": {
					"rotation": {
						"0.0": [0, 0, 0],
						"1.0833": [0, -13.38, 0],
						"1.4167": [0, -17.5, 0],
						"1.75": [0, 0, 0],
						"4.0": [0, 0, 0]
					},
					"position": {
						"0.0": [0, -30, 0],
						"0.8333": [0, -30, 0],
						"0.9167": [-1.77, -17.93, 0],
						"1.0833": [-5.3, -8.79, 0],
						"1.4167": [-7, -2, 0],
						"1.75": [-4, 0, 0],
						"2.0": [-4, 0, 0],
						"2.75": [0, 0, 0],
						"4.0": [0, 0, 0]
					}
				}
			}
		}
	}
}