{
	"format_version": "1.8.0",
	"animations": {
		"reload": {
			"animation_length": 3,
			"bones": {
				"gun": {
					"rotation": {
						"0.0": [0, 0, 0],
						"0.1667": [45.3952, 3.82295, 6.92246],
						"0.2917": [30.31276, 7.31292, 14.68315],
						"0.5": [31.19031, 9.05516, 21.60593],
						"0.625": [-22.25043, 1.1735, 22.42214],
						"0.75": [-21.68766, 6.30276, 28.45637],
						"1.0": [-33.49255, 2.06969, 44.63957],
						"1.5": [-40.97748, -4.98286, 44.14833],
						"1.6667": [-55.63235, -9.11655, 41.31924],
						"1.875": [-57.70778, -14.75241, 40.29784],
						"2.0": [-66.62655, -12.75475, 47.19912],
						"2.125": [-41.71721, -21.86428, 26.99161],
						"2.1667": [-40.38553, -21.80714, 26.68964],
						"2.25": [-26.62847, -21.21682, 23.57005],
						"2.2917": [-25.2968, -21.15968, 23.26808],
						"2.5": [-25.3, -21.16, 23.27],
						"2.5833": [-25.2968, -21.15968, 23.26808],
						"2.625": [-24.24663, -20.28125, 22.30213],
						"2.6667": [-21.98244, -18.38736, 20.21952],
						"2.7083": [-19.12447, -15.99679, 17.59075],
						"2.75": [-15.95506, -13.34572, 14.67552],
						"2.8333": [-9.34174, -7.81396, 8.59256],
						"2.875": [-6.17233, -5.16289, 5.67733],
						"2.9167": [-3.31436, -2.77232, 3.04856],
						"2.9583": [-1.05017, -0.87842, 0.96595],
						"3.0": [0, 0, 0]
					},
					"position": {
						"0.0": [0, 0, 0],
						"0.1667": [-2.5, 0.5, -1.5],
						"0.2917": [-3, 1, -2],
						"0.5": [-2.5, 0.5, -2],
						"0.625": [-3.2, 1.2, -2],
						"0.75": [-3, 2, -2.5],
						"0.9167": [-3.5, 2.1, -2.5],
						"1.375": [-3, 2, -2],
						"1.6667": [-3.5, 2.5, -2.3],
						"1.875": [-3.3, 1.5, -2],
						"2.0": [-3.4, 2.5, -1.5],
						"2.125": [-3, 2.5, -1.5],
						"2.1667": [-2.9189, 2.45945, -1.45945],
						"2.25": [-2.0811, 2.04055, -1.04055],
						"2.2917": [-2, 2, -1],
						"2.3333": [-1.94148, 2, -0.9743],
						"2.375": [-1.70371, 2, -0.86657],
						"2.4167": [-1.25033, 2, -0.65057],
						"2.4583": [-0.77198, 2, -0.40757],
						"2.5": [-0.39, 2, -0.2],
						"2.5417": [0.10614, 2, 0.06932],
						"2.5833": [0, 2, 0],
						"2.625": [0, 1.91697, 0],
						"2.6667": [0, 1.73796, 0],
						"2.7083": [0, 1.51201, 0],
						"2.75": [0, 1.26143, 0],
						"2.8333": [0, 0.73857, 0],
						"2.875": [0, 0.48799, 0],
						"2.9167": [0, 0.26204, 0],
						"2.9583": [0, 0.08303, 0],
						"3.0": [0, 0, 0]
					}
				},
				"ammo": {
					"rotation": {
						"0.0": [0, 0, 0],
						"1.1667": [0, 0, 0],
						"1.25": [0, 0, 87.5],
						"1.4167": [0, 0, 57.5],
						"1.75": [0, 0, -32.5],
						"1.9167": [0, 0, 0]
					},
					"position": {
						"0.0": [0, -20, -30],
						"1.1667": [26, -20, -30],
						"1.25": [11, -14, -2],
						"1.4167": [-1.5, -9, -7],
						"1.75": [2, -2.3, -2],
						"1.9167": [0, 0, 0]
					}
				},
				"slide": {
					"rotation": {
						"0.0": [0, 0, 0],
						"2.2917": [0, 0, 0],
						"2.5833": [0, 0, 0],
						"2.75": [0, 0, 0]
					},
					"position": {
						"0.0": [0, 0, 0],
						"2.2917": [0, 0, 0],
						"2.5833": [3.3, 0, 0],
						"2.75": [0, 0, 0]
					}
				},
				"extra_ammo": {
					"rotation": {
						"0.0": [0, 0, 0],
						"0.5417": [0, 0, 0],
						"0.875": [56.24, -25.97, 49.31],
						"1.0": [28.09121, -64.93275, 108.27745],
						"1.0417": [28.09121, -64.93275, 108.27745],
						"3.0": [28.09, -64.93, 108.28]
					},
					"position": {
						"0.0": [0, 0, 0],
						"0.5417": [0, 0, 0],
						"0.625": [-0.5, -2.3, 0],
						"1.0": [-4, -15, -2],
						"1.0417": [9, -63, -4],
						"3.0": [9, -63, -4]
					}
				},
				"left_arm": {
					"rotation": {
						"0.0": [-80, -55, 0],
						"0.1667": [-82.5, -55, 0.1],
						"0.375": [-77.82133, -45.27566, 3.76184],
						"0.5417": [-71.74676, -50.84932, 1.85263],
						"0.75": [-79.19707, -73.3992, -48.66101],
						"0.875": [-104.24, -72.38, -45.95],
						"1.1667": [-104.24, -72.38, -45.95],
						"1.25": [-104.40508, -35.44773, -57.83564],
						"1.2917": [-85.89676, -32.4879, -42.28451],
						"1.375": [-55.12764, -32.72839, -20.58689],
						"1.4167": [-20.03629, -78.89842, -16.91721],
						"1.5417": [-31.59129, -80.41388, -28.04747],
						"1.75": [-97.15571, -82.9939, 22.97167],
						"1.9167": [-91.05213, -75.49259, 21.84472],
						"2.0": [-91.05213, -75.49259, 21.84472],
						"2.125": [-90.78773, -70.49063, 21.56599],
						"2.2917": [-90.4383, -52.99091, 21.17536],
						"2.5": [-90.49967, -57.98983, 21.25235],
						"2.5833": [-90.49967, -57.98983, 21.25235],
						"2.7083": [-90.53806, -60.4899, 21.29428],
						"2.8333": [-80, -55, 0],
						"3.0": [-80, -55, 0]
					},
					"position": {
						"0.0": [1.7, 0.5, -8],
						"0.1667": [2.7, -1, -8.5],
						"0.375": [4.7, 0, -11],
						"0.5417": [5.56, -1.98, -9.75],
						"0.75": [10.27, -4.86, -9.52],
						"0.875": [14.85, -4.63, -9.41],
						"1.1667": [14.85, -4.63, -9.41],
						"1.25": [11.85, -0.63, -12.41],
						"1.2917": [11.57, -3.42, -15.04],
						"1.375": [10, -12.71, -15],
						"1.4167": [4, -16, -7.3],
						"1.5": [6, -15, -6.4],
						"1.5417": [7, -12, -5.5],
						"1.625": [8.33, -11.5, -4.67],
						"1.75": [12.5, -9.5, -3],
						"1.9167": [8.5, -6, -3],
						"2.0": [8, -6, -2.8],
						"2.125": [8.5, -3.5, -7],
						"2.2917": [5, -0.5, -10.5],
						"2.5": [7.2, -1.2, -9.5],
						"2.5833": [7.2, -1.2, -9.5],
						"2.7083": [5, -4.7, -7.5],
						"2.8333": [1.7, 0.5, -8],
						"3.0": [1.7, 0.5, -8]
					},
					"scale": [0.75, 1.25, 0.75]
				}
			}
		},
		"tacreload": {
			"animation_length": 2,
			"bones": {
				"gun": {
					"rotation": {
						"0.0": [0, 0, 0],
						"0.125": [-27.25868, -1.05976, 18.36906],
						"0.2083": [-29.28, -1.01, 23.03],
						"0.375": [-33.3201, -0.90805, 32.34513],
						"0.4167": [-33.32, -0.91, 32.35],
						"0.5417": [-33.3201, -0.90805, 32.34513],
						"0.7083": [-31.09518, -11.58739, 25.28578],
						"0.9167": [-30.95263, -15.02043, 24.41297],
						"1.0": [-29.60857, -11.09762, 30.96805],
						"1.125": [-49.89596, -13.21199, 32.33269],
						"1.375": [-40.27117, -18.23847, 34.22022],
						"1.4583": [-53.38, -16.57, 36.25],
						"1.625": [-38.37, -16.61, 36.21],
						"1.75": [-38.37, -16.61, 36.21],
						"1.9167": [-12.86719, -6.57596, 6.95376],
						"2.0": [0, 0, 0]
					},
					"position": {
						"0.0": [0, 0, 0],
						"0.125": [-3, 1, -2],
						"0.2083": [-2.83, 1.33, -2.17],
						"0.375": [-2.5, 2, -2.5],
						"0.4167": [-2.5, 2.5, -2.5],
						"0.5417": [-2.5, 2, -2.5],
						"0.7083": [-3, 2.5, -1.5],
						"0.9167": [-3, 2, -1],
						"1.0": [-2, 1, -1.5],
						"1.375": [-1.5, 3, -2],
						"1.4583": [-0.8, 2, -1.5],
						"1.625": [-1, 1.5, -2],
						"1.75": [-1, 1.5, -2],
						"1.9167": [-2, 0.5, -0.1],
						"2.0": [0, 0, 0]
					}
				},
				"ammo": {
					"rotation": {
						"0.0": [0, 0, 0],
						"0.4167": [0, 0, 0],
						"0.4583": [-82.38519, 10.23987, -1.16009],
						"0.625": [-10.68158, 32.26116, 53.72381],
						"0.75": [3.00488, 7.16621, 70.39937],
						"0.8333": [3.00488, 7.16621, 70.39937],
						"1.0": [0, 0, 77.5],
						"1.1667": [0, 0, 0],
						"1.8333": [0, 0, 0],
						"2.0": [0, 0, 0]
					},
					"position": {
						"0.0": [15, -19, -5],
						"0.4167": [15, -19, -5],
						"0.4583": [8, -9, -5],
						"0.625": [1, -7, -7],
						"0.75": [-2.6, -5.6, -1.5],
						"0.8333": [-2.6, -5.6, -1.5],
						"0.9583": [-2.6, -7.6, -0.5],
						"1.0": [-2.6, -8.5, -0.5],
						"1.0417": [-0.2, -8.1, 0.63],
						"1.0833": [1.2, -6.95, 1],
						"1.125": [1.65, -5.47, 0.5],
						"1.1667": [0.1, -4, 0],
						"1.2083": [0.08, -3.2, 0],
						"1.4167": [0, 0, 0],
						"1.5833": [0, 0, 0],
						"1.8333": [0, 0, 0],
						"2.0": [0, 0, 0]
					}
				},
				"extra_ammo": {
					"rotation": {
						"0.0": [0, 0, 0],
						"1.0": [0, 0, 0],
						"1.1667": [0, 0, -100],
						"1.4167": [0, 0, -95],
						"1.5": [0, 0, -100],
						"2.0": [0, 0, -100]
					},
					"position": {
						"0.0": [0, 0, 0],
						"0.625": [0, 0, 0],
						"0.75": [0, 0, 0],