{
	"format_version": "1.8.0",
	"animations": {
		"reload": {
			"animation_length": 2,
			"bones": {
				"gun": {
					"rotation": {
						"0.0": [0, 0, 0],
						"0.125": [45.3952, 3.82295, 6.92246],
						"0.2083": [30.31276, 7.31292, 14.68315],
						"0.3333": [31.19031, 9.05516, 21.60593],
						"0.4167": [-22.25043, 1.1735, 22.42214],
						"0.5": [-21.68766, 6.30276, 28.45637],
						"0.6667": [-33.49255, 2.06969, 44.63957],
						"1.0": [-40.97748, -4.98286, 44.14833],
						"1.125": [-55.63235, -9.11655, 41.31924],
						"1.25": [-57.70778, -14.75241, 40.29784],
						"1.3333": [-66.62655, -12.75475, 47.19912],
						"1.4167": [-41.71721, -21.86428, 26.99161],
						"1.5417": [-25.2968, -21.15968, 23.26808],
						"1.625": [-27.32157, -16.40187, 15.04179],
						"1.7917": [-19.85958, -15.60356, -2.11428],
						"2.0": [0, 0, 0]
					},
					"position": {
						"0.0": [0, 0, 0],
						"0.125": [-2.5, 0.5, -1.5],
						"0.2083": [-3, 1, -2],
						"0.3333": [-2.5, 0.5, -2],
						"0.4167": [-3.2, 1.2, -2],
						"0.5": [-3, 2, -2.5],
						"0.625": [-3.5, 2.1, -2.5],
						"0.9167": [-3, 2, -2],
						"1.125": [-3.5, 2.5, -2.3],
						"1.25": [-3.3, 1.5, -2],
						"1.3333": [-3.4, 2.5, -1.5],
						"1.4167": [-3, 2.5, -1.5],
						"1.5417": [-2, 2, -1],
						"1.625": [-3, 2, -1.5],
						"1.7917": [-2, 1, 0.5],
						"2.0": [0, 0, 0]
					}
				},
				"ammo": {
					"rotation": {
						"0.0": [0, 0, 0],
						"0.7917": [0, 0, 0],
						"0.8333": [0, 0, 87.5],
						"0.9583": [0, 0, 57.5],
						"1.1667": [0, 0, -32.5],
						"1.2917": [0, 0, 0]
					},
					"position": {
						"0.0": [0, -20, -30],
						"0.7917": [26, -20, -30],
						"0.8333": [11, -14, -2],
						"0.9583": [-1.5, -9, -7],
						"1.1667": [2, -2.3, -2],
						"1.2917": [0, 0, 0]
					}
				},
				"slide": {
					"rotation": {
						"0.0": [0, 0, 0],
						"0.0833": [0, 0, 0],
						"1.5": [0, 0, 0],
						"1.625": [0, 0, 0]
					},
					"position": {
						"0.0": [0, 0, 0],
						"0.0833": [3.3, 0, 0],
						"1.5": [3.3, 0, 0],
						"1.625": [0, 0, 0]
					}
				},
				"extra_ammo": {
					"rotation": {
						"0.0": [0, 0, 0],
						"0.375": [0, 0, 0],
						"0.5833": [56.24, -25.97, 49.31],
						"0.6667": [28.09121, -64.93275, 108.27745],
						"0.7083": [28.09121, -64.93275, 108.27745],
						"2.0": [28.09, -64.93, 108.28]
					},
					"position": {
						"0.0": [0, 0, 0],
						"0.375": [0, 0, 0],
						"0.4167": [-0.5, -2.3, 0],
						"0.6667": [-4, -15, -2],
						"0.7083": [9, -63, -4],
						"2.0": [9, -63, -4]
					}
				},
				"left_arm": {
					"rotation": {
						"0.0": [-80, -55, 0],
						"0.125": [-82.5, -55, 0.1],
						"0.25": [-77.82133, -45.27566, 3.76184],
						"0.375": [-71.74676, -50.84932, 1.85263],
						"0.5": [-79.19707, -73.3992, -48.66101],
						"0.5833": [-104.24, -72.38, -45.95],
						"0.7917": [-104.24, -72.38, -45.95],
						"0.8333": [-104.40508, -35.44773, -57.83564],
						"0.875": [-85.89676, -32.4879, -42.28451],
						"0.9167": [-55.12764, -32.72839, -20.58689],
						"0.9583": [-20.03629, -78.89842, -16.91721],
						"1.0417": [-31.59129, -80.41388, -28.04747],
						"1.1667": [-97.15571, -82.9939, 22.97167],
						"1.2917": [-91.05213, -75.49259, 21.84472],
						"1.3333": [-91.05213, -75.49259, 21.84472],
						"1.4167": [-90.78773, -70.49063, 21.56599],
						"1.5417": [-90.4383, -52.99091, 21.17536],
						"1.625": [-90.49967, -57.98983, 21.25235],
						"1.7083": [-90.53806, -60.4899, 21.29428],
						"1.8333": [-80, -55, 0],
						"2.0": [-80, -55, 0]
					},
					"position": {
						"0.0": [1.7, 0.5, -8],
						"0.125": [2.7, -1, -8.5],
						"0.25": [4.7, 0, -11],
						"0.375": [5.56, -1.98, -9.75],
						"0.5": [10.27, -4.86, -9.52],
						"0.5833": [14.85, -4.63, -9.41],
						"0.7917": [14.85, -4.63, -9.41],
						"0.8333": [11.85, -0.63, -12.41],
						"0.875": [11.57, -3.42, -15.04],
						"0.9167": [10, -12.71, -15],
						"0.9583": [4, -16, -7.3],
						"1.0": [6, -15, -6.4],
						"1.0417": [7, -12, -5.5],
						"1.0833": [8.33, -11.5, -4.67],
						"1.1667": [12.5, -9.5, -3],
						"1.2917": [8.5, -6, -3],
						"1.3333": [8, -6, -2.8],
						"1.4167": [8.5, -3.5, -7],
						"1.5417": [8, -0.5, -9.5],
						"1.625": [6, -1.2, -9.5],
						"1.7083": [5, -4.7, -7.5],
						"1.8333": [1.7, 0.5, -8],
						"2.0": [1.7, 0.5, -8]
					},
					"scale": [0.75, 1.25, 0.75]
				}
			}
		},
		"tacreload": {
			"animation_length": 2,
			"bones": {
				"gun": {
					"rotation": {
						"0.0": [0, 0, 0],
						"0.125": [45.3952, 3.82295, 6.92246],
						"0.2083": [30.31276, 7.31292, 14.68315],
						"0.3333": [31.19031, 9.05516, 21.60593],
						"0.4167": [-22.25043, 1.1735, 22.42214],
						"0.5": [-21.68766, 6.30276, 28.45637],
						"0.7083": [-33.49255, 2.06969, 44.63957],
						"1.0417": [-40.97748, -4.98286, 44.14833],
						"1.1667": [-55.63235, -9.11655, 41.31924],
						"1.4583": [-57.70778, -14.75241, 40.29784],
						"1.5417": [-66.62655, -12.75475, 47.19912],
						"1.7083": [-41.71721, -21.86428, 26.99161],
						"1.8333": [-25.2968, -21.15968, 23.26808],
						"2.0": [0, 0, 0]
					},
					"position": {
						"0.0": [0, 0, 0],
						"0.125": [-2.5, 0.5, -1.5],
						"0.2083": [-3, 1, -2],
						"0.3333": [-2.5, 0.5, -2],
						"0.4167": [-3.2, 1.2, -2],
						"0.5": [-3, 2, -2.5],
						"0.6667": [-3.5, 2.1, -2.5],
						"0.9583": [-3, 2, -2],
						"1.1667": [-3.5, 2.5, -2.3],
						"1.4583": [-3.3, 1.5, -2],
						"1.5417": [-3.4, 2.5, -1.5],
						"1.7083": [-3, 2.5, -1.5],
						"1.8333": [-2, 2, -1],
						"2.0": [0, 0, 0]
					}
				},
				"ammo": {
					"rotation": {
						"0.0": [0, 0, 0],
						"0.8333": [0, 0, 0],
						"0.875": [0, 0, 87.5],
						"1.0": [0, 0, 57.5],
						"1.2083": [0, 0, -32.5],
						"1.5": [0, 0, 0]
					},
					"position": {
						"0.0": [0, -20, -30],
						"0.8333": [26, -20, -30],
						"0.875": [11, -14, -2],
						"1.0": [-1.5, -9, -7],
						"1.2083": [2, -2.3, -2],
						"1.5": [0, 0, 0]
					}
				},
				"slide": {
					"rotation": {
						"0.0": [0, 0, 0],
						"2.0": [0, 0, 0]
					},
					"position": {
						"0.0": [0, 0, 0],
						"2.0": [0, 0, 0]
					}
				},
				"extra_ammo": {
					"rotation": {
						"0.0": [0, 0, 0],
						"0.375": [0, 0, 0],
						"0.5833": [56.24, -25.97, 49.31],
						"0.6667": [28.09121, -64.93275, 108.27745],
						"0.7083": [28.09121, -64.93275, 108.27745],
						"2.0": [28.09, -64.93, 108.28]
					},
					"position": {
						"0.0": [0, 0, 0],
						"0.375": [0, 0, 0],
						"0.4167": [-0.5, -2.3, 0],
						"0.6667": [-4, -15, -2],
						"0.7083": [9, -63, -4],
						"2.0": [9, -63, -4]
					}
				},
				"left_arm": {
					"rotation": {
						"0.0": [-80, -55, 0],
						"0.125": [-82.5, -55, 0.1],
						"0.25": [-77.82133, -45.27566, 3.76184],
						"0.375": [-71.74676, -50.84932, 1.85263],
						"0.5": [-79.19707, -73.3992, -48.66101],
						"0.625": [-104.24, -72.38, -45.95],
						"0.8333": [-104.24, -72.38, -45.95],
						"0.875": [-104.40508, -35.44773, -57.83564],
						"0.9167": [-85.89676, -32.4879, -42.28451],
						"0.9583": [-55.12764, -32.72839, -20.58689],
						"1.0": [-20.03629, -78.89842, -16.91721],
						"1.0833": [-31.59129, -80.41388, -28.04747],
						"1.2083": [-97.15571, -82.9939, 22.97167],
						"1.5": [-91.05213, -75.49259, 21.84472],
						"1.5417": [-91.05213, -75.49259, 21.84472],
						"1.75": [-88.5, -70.76, 16.8],
						"2.0": [-80, -55, 0]
					},
					"position": {
						"0.0": [1.7, 0.5, -8],
						"0.125": [2.7, -1, -8.5],
						"0.25": [4.7, 0, -11],
						"0.375": [5.56, -1.98, -9.75],
						"0.5": [10.27, -4.86, -9.52],
						"0.625": [14.85, -4.63, -9.41],
						"0.8333": [14.85, -4.63, -9.41],
						"0.875": [11.85, -0.63, -12.41],
						"0.9167": [11.57, -3.42, -15.04],
						"0.9583": [9, -11.71, -15],
						"1.0": [3, -17, -7.3],
						"1.0833": [8, -13, -5.5],
						"1.125": [9.33, -11.83, -5.67],
						"1.2083": [12, -9, -3],
						"1.5": [7.5, -6.5, -3],
						"1.5417": [8, -6.5, -2.8],