{
	"format_version": "1.8.0",
	"animations": {
		"reload": {
			"animation_length": 2.5,
			"bones": {
				"gun": {
					"rotation": {
						"0.0": [0, 0, 0],
						"0.5417": [-7.65183, -12.43472, 35.99965],
						"0.625": [-10.15, -12.43, 36],
						"0.8333": [-10.15, -12.43, 36],
						"1.0417": [-10.25765, -14.89047, 36.45573],
						"1.4167": [-27.31674, -10.32409, 34.39834],
						"1.6667": [-34.81674, -10.32409, 34.39834],
						"1.75": [-34, -11.36094, 32.08568],
						"2.1667": [-29.81674, -10.32409, 34.39834],
						"2.5": [0, 0, 0]
					},
					"position": {
						"0.0": [0, 0, 0],
						"0.5417": [0.7, 0.6, -2],
						"0.625": [0.7, 2, -2],
						"0.8333": [0.7, 0.6, -2],
						"1.0417": [0.7, 0.6, -2],
						"1.1667": [0.86, 0.45, -2],
						"1.4167": [1.1, 0.45, -2],
						"1.6667": [1.1, 0.45, -2],
						"1.75": [1.1, 0.7, -1],
						"2.1667": [1.1, 0.45, -1.5],
						"2.5": [0, 0, 0]
					}
				},
				"ammo": {
					"position": {
						"0.5417": [0, 0, 0],
						"0.8333": [0, -10, 0],
						"1.3333": [0, -10, 0],
						"1.4167": [-4, -9, 0],
						"1.5": [0, -10, 0],
						"1.75": [0, 0, 0]
					}
				}
			}
		}
	}
}