{
	"format_version": "1.8.0",
	"animations": {
		"reload": {
			"animation_length": 2.5,
			"bones": {
				"gun": {
					"rotation": {
						"0.0": [0, 0, 0],
						"0.5": [-10.94999, -18.82321, 16.17379],
						"0.625": [-11.33421, -26.17353, 17.74168],
						"0.9167": [-11.59824, -27.62096, 23.8518],
						"1.1667": [-12.19717, -32.51277, 25.04082],
						"1.3333": [-13.73622, -31.94884, 26.9201],
						"1.4583": [-13.73622, -31.94884, 26.9201],
						"1.5417": [-15.23157, -31.3245, 29.76311],
						"1.6667": [-16.67323, -30.63278, 32.56364],
						"1.7917": [-13.74, -31.95, 27.92],
						"2.5": [0, 0, 0]
					},
					"position": {
						"0.0": [0, 0, 0],
						"0.5": [0, 0.6, 0.3],
						"0.625": [0, 0.7, 0],
						"0.9167": [0, 0.65, 0],
						"1.1667": [0, 0.4, 0],
						"1.3333": [0, 0.5, 0],
						"1.5417": [0, 0.7, 0],
						"2.5": [0, 0, 0]
					}
				},
				"ammo": {
					"position": {
						"0.5": [0, 0, 0],
						"0.625": [0, -1, 0],
						"0.9167": [0, -16, 0],
						"1.1667": [0, -16, 0],
						"1.5417": [0, 0, 0]
					}
				}
			}
		}
	}
}