{
	"format_version": "1.8.0",
	"animations": {
		"reload": {
			"animation_length": 2.5,
			"bones": {
				"gun": {
					"rotation": {
						"0.0": [0, 0, 0],
						"0.4167": [-20.47194, -14.60914, 2.43143],
						"0.75": [-22.34777, -15.57325, 0.04057],
						"0.8333": [-24.18123, -16.5105, -2.37105],
						"1.2083": [-26.68, -16.51, -2.37],
						"1.5417": [-26.68, -16.51, -2.37],
						"1.625": [-27.90165, -14.21618, 2.2379],
						"1.75": [-26.57, -13.54, 2.13],
						"2.1667": [-20.56961, -10.05864, -2.20216],
						"2.5": [0, 0, 0]
					},
					"position": {
						"0.0": [0, 0, 0.2],
						"0.4167": [0, 1, 1.25],
						"0.7083": [0, 1.2, 1.29],
						"0.75": [0, 1.28244, 1.29],
						"0.7917": [0, 1.91756, 1.29],
						"0.8333": [0, 2, 1.29],
						"0.875": [0, 1.97314, 1.29492],
						"0.9167": [0, 1.91214, 1.30611],
						"1.0833": [0, 1.56675, 1.36943],
						"1.125": [0, 1.48786, 1.38389],
						"1.1667": [0, 1.42686, 1.39508],
						"1.2083": [0, 1.4, 1.4],
						"1.5417": [0, 1.4, 1.4],
						"1.625": [0, 0.5, 1.7],
						"1.75": [0, 0.81, 1.62],
						"2.1667": [0, 0.81, 1.62],
						"2.5": [0, 0, 0]
					}
				},
				"ammo": {
					"position": {
						"0.4167": [0, 0, 0],
						"0.7083": [0, -1, 0],
						"0.8333": [0, -8, 0],
						"1.2083": [0, -8, 0],
						"1.375": [0, -8, 0],
						"1.5833": [0, 0, 0]
					}
				}
			}
		}
	}
}