{
	"format_version": "1.8.0",
	"animations": {
		"reload": {
			"animation_length": 4,
			"bones": {
				"gun": {
					"rotation": {
						"0.0": [0, 0, 0],
						"0.0417": [0.04151, -0.06843, -0.035],
						"0.0833": [0.20221, -0.23072, -0.11783],
						"0.125": [0.52853, -0.4691, -0.23951],
						"0.1667": [1.06511, -0.76245, -0.38934],
						"0.2083": [1.85143, -1.08757, -0.55558],
						"0.25": [2.91908, -1.42088, -0.72625],
						"0.2917": [4.29, -1.74, -0.89],
						"0.3333": [6.28734, -2.06995, -1.06053],
						"0.375": [10.003, -2.43444, -1.24867],
						"0.4167": [12.89363, -2.56199, -1.3004],
						"0.4583": [13.76406, -2.5683, -1.28463],
						"0.5": [14.09336, -2.49695, -1.04243],
						"0.5417": [14.28093, -2.35076, -0.54736],
						"0.75": [14.29858, -1.35742, 2.81915],
						"0.7917": [14.17296, -1.18347, 3.41088],
						"0.8333": [13.99772, -1.05043, 3.86576],
						"0.875": [13.75, -1, 4.04404],
						"0.9167": [12.83199, -0.99504, 3.80619],
						"0.9583": [11.3994, -0.96845, 3.41972],
						"1.0": [9.76708, -0.93323, 2.97538],
						"1.2917": [-2.97109, -0.61838, -0.52454],
						"1.375": [-6.41338, -0.52861, -1.47414],
						"1.4167": [-7.96397, -0.48778, -1.90221],
						"1.4583": [-9.2772, -0.45299, -2.26492],
						"1.5": [-9.99067, -0.43399, -2.46207],
						"1.5417": [-10.33099, -0.46336, -2.69894],
						"1.5833": [-11.55708, -0.56921, -3.55233],
						"1.625": [-13.3958, -0.72794, -4.83214],
						"1.6667": [-14.62189, -0.83378, -5.68553],
						"1.7083": [-14.96221, -0.86316, -5.9224],
						"1.75": [-14.62088, -0.80157, -5.59075],
						"1.7917": [-13.39189, -0.58072, -4.39668],
						"1.8333": [-11.55149, -0.25333, -2.60886],
						"1.875": [-10.32911, -0.04195, -1.42198],
						"1.9167": [-9.99668, 0.00691, -1.1],
						"1.9583": [-9.90648, -0.01989, -1.19899],
						"2.2917": [-7.79964, -0.39369, -3.19154],
						"2.3333": [-7.59446, -0.42269, -3.37594],
						"2.375": [-7.49, -0.43, -3.46],
						"2.9167": [-8.64646, 0.06471, -1.05906],
						"3.0833": [-8.72233, 0.1855, -0.31954],
						"3.125": [-8.56, 0.19, -0.2],
						"3.1667": [-8.06743, 0.22433, 0.18812],
						"3.2083": [-6.98656, 0.48924, 1.94987],
						"3.25": [-6.15954, 0.76935, 3.66946],
						"3.2917": [-6.0137, 0.82443, 4],
						"3.3333": [-5.05443, 0.79302, 3.66457],
						"3.375": [-2.19521, 0.69939, 2.66476],
						"3.4583": [6.18254, 0.42504, -0.26476],
						"3.5": [9.04175, 0.33141, -1.26457],
						"3.5417": [10.00102, 0.3, -1.6],
						"3.5833": [9.74134, 0.28139, -1.57348],
						"3.625": [8.91408, 0.22433, -1.4855],
						"3.6667": [7.55846, 0.13646, -1.3325],
						"3.75": [4.33206, -0.0395, -0.91644],
						"3.7917": [3, -0.09, -0.71],
						"3.8333": [1.83921, -0.11388, -0.50121],
						"3.875": [0.81171, -0.10526, -0.27819],
						"3.9167": [0.19951, -0.06166, -0.09934],
						"3.9583": [0.0203, -0.02023, -0.01813],
						"4.0": [0, 0, 0]
					},
					"position": {
						"0.0": [0, 0, 0],
						"0.2917": [0.13452, -0.06173, -0.1366],
						"0.4167": [0.19225, -0.10337, -0.16672],
						"0.4583": [0.2, -0.12, -0.15],
						"0.5": [0.22491, -0.13611, -0.11959],
						"0.5417": [0.27861, -0.15017, -0.09336],
						"0.75": [0.6536, -0.22136, 0.02152],
						"0.7917": [0.72139, -0.23965, 0.04522],
						"0.8333": [0.77509, -0.2615, 0.07073],
						"0.875": [0.8, -0.29, 0.1],
						"0.9167": [0.78452, -0.31718, 0.13524],
						"1.375": [0.37747, -0.47887, 0.53343],
						"1.4583": [0.31548, -0.49593, 0.58685],
						"1.5": [0.3, -0.5, 0.6],
						"1.5417": [0.29315, -0.53423, 0.6],
						"1.5833": [0.26849, -0.65754, 0.6],
						"1.625": [0.23151, -0.84246, 0.6],
						"1.6667": [0.20685, -0.96577, 0.6],
						"1.7083": [0.2, -1, 0.6],
						"1.75": [0.20685, -0.97262, 0.59315],
						"1.7917": [0.23151, -0.87397, 0.56849],
						"1.8333": [0.26849, -0.72603, 0.53151],
						"1.875": [0.29315, -0.62738, 0.50685],
						"1.9167": [0.3, -0.6, 0.5],
						"1.9583": [0.3, -0.58062, 0.5],
						"2.25": [0.3, -0.20901, 0.5],
						"2.3333": [0.3, -0.11938, 0.5],
						"2.375": [0.3, -0.1, 0.5],
						"2.9167": [0.07408, 0.10516, 0.47407],
						"3.125": [0, 0.17, 0.43],
						"3.1667": [-0.04866, 0.17907, 0.40846],
						"3.2083": [-0.3, 0.23345, 0.40739],
						"3.25": [-0.55134, 0.28914, 0.42543],
						"3.2917": [-0.6, 0.3, 0.43],
						"3.3333": [-0.56406, 0.29401, 0.43419],
						"3.375": [-0.45694, 0.27616, 0.44669],
						"3.4583": [-0.14306, 0.22384, 0.48331],
						"3.5": [-0.03594, 0.20599, 0.49581],
						"3.5417": [0, 0.2, 0.5],
						"3.5833": [-0.06589, 0.19747, 0.49054],
						"3.625": [-0.26228, 0.18857, 0.4599],
						"3.6667": [-0.55, 0.17188, 0.40844],
						"3.7083": [-0.83772, 0.14802, 0.34407],
						"3.75": [-1.03411, 0.11977, 0.27856],
						"3.7917": [-1.1, 0.09, 0.22],
						"3.8333": [-1.0247, 0.05959, 0.16123],
						"3.875": [-0.75342, 0.03013, 0.09389],
						"3.9167": [-0.34658, 0.00953, 0.03538],
						"3.9583": [-0.0753, 0.00155, 0.00674],
						"4.0": [0, 0, 0]
					}
				},
				"ammo": {
					"position": {
						"1.5": [0, 0, 0],
						"1.7083": [0, -0.3, 0],
						"2.25": [0, -12.3, 0],
						"2.875": [0, -12.3, 0],
						"2.9583": [0, -8.3, 0],
						"3.2083": [0, 0, 0]
					}
				},
				"pump": {
					"rotation": {
						"0.25": [0, 0, 0],
						"0.4583": [52.5, 0, 0],
						"3.5417": [52.5, 0, 0],
						"3.7917": [0, 0, 0]
					},
					"position": {
						"0.25": [0, 0, 0],
						"0.4583": [0, 0, 0],
						"0.875": [2, 0, 0],
						"3.5417": [2, 0, 0],
						"3.7917": [0, 0, 0]
					}
				}
			}
		}
	}
}