{
	"format_version": "1.8.0",
	"animations": {
		"reload": {
			"animation_length": 2,
			"bones": {
				"extra_ammo": {
					"rotation": {
						"0.125": [0, 0, 0],
						"0.2083": [0, 0, 0],
						"0.2917": [10, 0, 0],
						"0.4167": [30, 0, 0],
						"0.4583": [39.41, 0, 0],
						"0.5": [42.72988, 19.26855, -16.29348],
						"0.5417": [42.72988, 19.26855, -16.29348],
						"0.5833": [42.72988, 19.26855, -16.29348],
						"0.7083": [18.82, 0, 0],
						"2.0": [18.82, 0, 0]
					},
					"position": {
						"0.125": [0, 0, 0],
						"0.1667": [0, -0.32439, 0],
						"0.25": [0, -3.67561, 0],
						"0.2917": [0, -4, 0],
						"0.4167": [-1, -8.5, 3],
						"0.4583": [0, -8.57, 5.5],
						"0.5": [2, -9.57, 8.5],
						"0.5417": [3, -10.57, 8.5],
						"0.5833": [4, -12.57, 11.5],
						"0.7083": [6.53, -47.17, 45],
						"2.0": [6.53, -47.17, 45]
					}
				},
				"gun": {
					"rotation": {
						"0.0": [0, 0, 0],
						"0.0417": [-1.16676, -1.58247, 3.04675],
						"0.0833": [-5.37038, -7.2838, 14.02362],
						"0.125": [-11.67439, -15.83388, 30.48523],
						"0.1667": [-15.87801, -21.5352, 41.4621],
						"0.2083": [-17.04477, -23.11767, 44.50885],
						"0.3333": [-11.62, -25.51, 35.8],
						"0.4583": [-8, -27.09813, 30],
						"0.6667": [-8, -27.09813, 30],
						"0.7917": [-52.01317, -31.23848, 41.65474],
						"0.9167": [-52.01317, -31.23848, 41.65474],
						"1.125": [0, 0, 0],
						"1.3333": [0, 40, 40],
						"1.4583": [0, 35, 40],
						"1.625": [4.09591, 28.48143, 48.53994],
						"1.7917": [0, 27.5, 40],
						"2.0": [0, 0, 0]
					},
					"position": {
						"0.0": [0, 0, 0],
						"0.0417": [-0.10952, 0.27381, 0.08214],
						"0.0833": [-0.50412, 1.2603, 0.37809],
						"0.125": [-1.09588, 2.7397, 0.82191],
						"0.1667": [-1.49048, 3.72619, 1.11786],
						"0.2083": [-1.6, 4, 1.2],
						"0.25": [-1.59725, 4.00799, 1.19738],
						"0.2917": [-2.05183, 3.70428, 1.12195],
						"0.3333": [-2.56, 3.32, 1.06],
						"0.375": [-3.01458, 2.86977, 1.0063],
						"0.4167": [-3.05634, 2.05796, 0.99438],
						"0.4583": [-3, 2, 1],
						"0.5": [-3.06845, 2.06845, 1],
						"0.5417": [-3.31507, 2.31507, 1],
						"0.5833": [-3.68493, 2.68493, 1],
						"0.625": [-3.93155, 2.93155, 1],
						"0.6667": [-4, 3, 1],
						"0.7083": [-4.05153, 3, 0.94847],
						"0.75": [-4.44847, 3, 0.55153],
						"0.7917": [-4.5, 3, 0.5],
						"0.8333": [-4.39695, 3, 0.55153],
						"0.875": [-3.60305, 3, 0.94847],
						"0.9167": [-3.5, 3, 1],
						"0.9583": [-3.26042, 2.79464, 0.93155],
						"1.0": [-2.39724, 2.05478, 0.68493],
						"1.0417": [-1.10276, 0.94522, 0.31507],
						"1.0833": [-0.23958, 0.20536, 0.06845],
						"1.125": [0, 0, 0],
						"1.1667": [-0.13691, 0.03423, -0.5134],
						"1.2083": [-0.63015, 0.15754, -2.36306],
						"1.25": [-1.36985, 0.34246, -5.13694],
						"1.2917": [-1.86309, 0.46577, -6.9866],
						"1.3333": [-2, 0.5, -7.5],
						"1.375": [-1.89695, 0.44847, -7.44847],
						"1.4167": [-1.10305, 0.05153, -7.05153],
						"1.4583": [-1, 0, -7],
						"1.5": [-1, -0.04055, -7],
						"1.5833": [-1, -0.45945, -7],
						"1.625": [-1, -0.5, -7],
						"1.6667": [-1, -0.45945, -7],
						"1.75": [-1, -0.04055, -7],
						"1.7917": [-1, 0, -7],
						"1.8333": [-0.93155, 0, -6.52083],
						"1.875": [-0.68493, 0, -4.79448],
						"1.9167": [-0.31507, 0, -2.20552],
						"1.9583": [-0.06845, 0, -0.47917],
						"2.0": [0, 0, 0]
					}
				},
				"ammo": {
					"rotation": {
						"0.0": [-16.00378, -23.82886, 41.89585],
						"0.1667": [0, 30, 0],
						"0.375": [0, 20, 0],
						"0.5417": [0, 0, 0],
						"0.7917": [0, 0, 0],
						"2.0": [0, 0, 0]
					},
					"position": {
						"0.0": [-2, -13, -7],
						"0.1667": [-2, -9, -7],
						"0.375": [-2, -7, -2],
						"0.4583": [-1, -5.5, -0.5],
						"0.5417": [0, -3.5, 0],
						"0.8333": [0, 0, 0],
						"2.0": [0, 0, 0]
					}
				},
				"left_arm": {
					"rotation": {
						"0.0": [-120, -55, 0],
						"0.1667": [-77.57782, -59.79601, 2.6302],
						"0.375": [-80.16, -58.3, 1.81],
						"0.8333": [-85.83, -55, 0],
						"1.0": [-75.51766, -69.93427, -3.14448],
						"1.1667": [-70.31, -66.62, -2.45],
						"1.3333": [-69.89291, -56.43598, 1.84793],
						"1.75": [-69.89291, -56.43598, 1.84793],
						"1.8333": [-84.34385, -64.96428, -1.70985],
						"2.0": [-120, -55, 0]
					},
					"position": {
						"0.0": [8.5, -3.5, -14],
						"0.1667": [7.91, -14.44, -12],
						"0.375": [7, -11, -7.3],
						"0.4583": [9, -8, -7.5],
						"0.5417": [9, -6, -7],
						"0.625": [9, -5, -6.5],
						"0.8333": [8.5, -2.5, -7],
						"1.0": [7.5, -1.75, -7.31],
						"1.1667": [9.72, 1.64, -6.96],
						"1.3333": [9.41, 1.36, -7.28],
						"1.5": [9.41, 1.36, -7.28],
						"1.5417": [10.41, 1.36, -7.28],
						"1.625": [13.01, 1.36, -7.28],
						"1.7083": [9.41, 1.36, -7.28],
						"1.75": [9.41, 1.36, -7.28],
						"1.8333": [12.5, 5.5, -9.25],
						"2.0": [8.5, -3.5, -14]
					},
					"scale": [0.75, 1.25, 0.75]
				},
				"slide": {
					"rotation": {
						"1.4583": [0, 0, 0],
						"1.625": [0, 0, 0],
						"1.75": [0, 0, 0],
						"2.0": [0, 0, 0]
					},
					"position": {
						"1.4583": [0, 0, 0],
						"1.5": [0.2433, 0, 0],
						"1.5833": [2.7567, 0, 0],
						"1.625": [3, 0, 0],
						"1.75": [3, 0, 0],
						"1.7917": [2.8203, 0, 0],
						"1.8333": [2.28469, 0, 0],
						"1.9167": [0.71531, 0, 0],
						"1.9583": [0.1797, 0, 0],
						"2.0": [0, 0, 0]
					}
				}
			}
		},
		"tacreload": {
			"animation_length": 2,
			"bones": {
				"extra_ammo": {
					"rotation": {
						"0.4167": [0, 0, 0],
						"0.5": [0, 0, 0],
						"0.5833": [10, 0, 0],
						"0.7083": [30, 0, 0],
						"0.75": [39.41, 0, 0],
						"0.7917": [42.72988, 19.26855, -16.29348],
						"0.8333": [42.72988, 19.26855, -16.29348],
						"0.875": [42.72988, 19.26855, -16.29348],
						"1.0": [18.82, 0, 0],
						"2.0": [18.82, 0, 0]
					},
					"position": {
						"0.4167": [0, 0, 0],
						"0.4583": [0, -0.32439, 0],
						"0.5417": [0, -3.67561, 0],
						"0.5833": [0, -4, 0],
						"0.7083": [-1, -8.5, 3],
						"0.75": [0, -8.57, 5.5],
						"0.7917": [2, -9.57, 8.5],
						"0.8333": [3, -10.57, 8.5],
						"0.875": [4, -12.57, 11.5],
						"1.0": [6.53, -47.17, 45],
						"2.0": [6.53, -47.17, 45]
					}
				},
				"gun": {
					"rotation": {
						"0.0": [0, 0, 0],
						"0.0417": [-1.16676, -1.58247, 3.04675],
						"0.0833": [-5.37038, -7.2838, 14.02362],
						"0.125": [-11.67439, -15.83388, 30.48523],
						"0.1667": [-15.87801, -21.5352, 41.4621],
						"0.2083": [-17.04477, -23.11767, 44.50885],
						"0.3333": [-11.62, -25.51, 35.8],
						"0.4583": [-8, -27.09813, 30],
						"0.7083": [-8, -27.09813, 30],
						"0.875": [-52.01317, -31.23848, 41.65474],
						"1.0": [-52.01317, -31.23848, 41.65474],
						"1.0833": [-54.79872, -34.81253, 42.27944],
						"1.1667": [-48.51439, -33.74047, 34.17231],
						"1.2917": [-51.43207, -39.91438, 45.14607],
						"1.375": [-43.55128, -39.91389, 40.74232],
						"1.4583": [-44.7111, -37.96424, 44.55048],
						"1.625": [-51.43207, -39.91438, 45.14607],
						"2.0": [0, 0, 0]
					},
					"position": {
						"0.0": [0, 0, 0],
						"0.0417": [-0.10952, 0.27381, 0.08214],
						"0.0833": [-0.50412, 1.2603, 0.37809],
						"0.125": [-1.09588, 2.7397, 0.82191],
						"0.1667": [-1.49048, 3.72619, 1.11786],
						"0.2083": [-1.6, 4, 1.2],
						"0.25": [-1.59725, 4.00799, 1.19738],
						"0.2917": [-2.05183, 3.70428, 1.12195],
						"0.3333": [-2.56, 3.32, 1.06],
						"0.375": [-3.01458, 2.86977, 1.0063],
						"0.4167": [-3.05634, 2.05796, 0.99438],
						"0.4583": [-3, 2, 1],
						"0.5": [-3.0599, 2.0599, 1],
						"0.5417": [-3.23844, 2.23844, 1],
						"0.625": [-3.76156, 2.76156, 1],
						"0.6667": [-3.9401, 2.9401, 1],
						"0.7083": [-4, 3, 1],
						"0.75": [-4.04055, 3, 0.95945],
						"0.8333": [-4.45945, 3, 0.54055],
						"0.875": [-4.5, 3, 0.5],
						"0.9167": [-4.39695, 3, 0.55153],
						"0.9583": [-3.60305, 3, 0.94847],