{
	"format_version": "1.8.0",
	"animations": {
		"tacreload": {
			"animation_length": 2,
			"bones": {
				"gun": {
					"rotation": {
						"0.0": [0, 0, 0],
						"0.25": [-23.13165, -12.86601, 23.08606],
						"0.4583": [-23.2734, -17.60229, 25.31929],
						"0.7917": [-31.09518, -11.58739, 25.28578],
						"0.9167": [-30.95263, -15.02043, 24.41297],
						"1.0": [-29.60857, -11.09762, 30.96805],
						"1.125": [-49.89596, -13.21199, 32.33269],
						"1.3333": [-40.27117, -18.23847, 34.22022],
						"1.375": [-53.38, -16.57, 36.25],
						"1.4167": [-52.16271, -16.57324, 36.24676],
						"1.5": [-39.58729, -16.60676, 36.21324],
						"1.5417": [-38.37, -16.61, 36.21],
						"1.5833": [-37.00334, -16.07229, 34.64219],
						"1.625": [-33.39218, -14.65148, 30.49955],
						"1.6667": [-28.37033, -12.67565, 24.73861],
						"1.7083": [-22.86686, -10.51031, 18.42515],
						"1.75": [-17.84501, -8.53447, 12.6642],
						"1.7917": [-14.23385, -7.11367, 8.52156],
						"1.8333": [-12.86719, -6.57596, 6.95376],
						"2.0": [0, 0, 0]
					},
					"position": {
						"0.0": [0, 0, 0],
						"0.25": [-2, 0.6, 0.5],
						"0.4583": [-1.5, -0.9, 1],
						"0.7917": [-1.5, 0.3, 0.5],
						"0.9167": [-1, -1.3, 0],
						"1.0": [-1, -0.6, 0.7],
						"1.3333": [-0.5, 0.1, 0.7],
						"1.4167": [-0.3, 1, 1],
						"1.5417": [-0.5, 0.3, 1],
						"1.8333": [-1, -1, -0.1],
						"2.0": [0, 0, 0]
					}
				},
				"ammo": {
					"rotation": {
						"0.0": [0, 0, 77.5],
						"0.5": [0, 0, 77.5],
						"0.625": [0, 0, 77.5],
						"1.0": [0, 0, 77.5],
						"1.1667": [0, 0, 0],
						"2.0": [0, 0, 0]
					},
					"position": {
						"0.0": [-3, -25, -2],
						"0.5": [-3.4, -10.4, -2],
						"0.625": [-3.5, -9.5, -2],
						"0.8333": [-2.6, -5.6, -0.5],
						"0.9583": [-2.6, -7.6, -0.5],
						"1.0": [-2.6, -8.5, -0.5],
						"1.0417": [-0.2, -8.1, 0.63],
						"1.0833": [1.2, -6.95, 1],
						"1.125": [1.65, -5.47, 0.5],
						"1.1667": [0.1, -4, 0],
						"1.375": [0, 0, 0],
						"1.5417": [0, 0, 0],
						"2.0": [0, 0, 0]
					}
				},
				"left_arm": {
					"rotation": {
						"0.0": [-80, -55, 0],
						"0.2917": [-70, -55, 0],
						"0.5": [-73.0713, -32.49726, 6.27699],
						"0.625": [-55.87946, -30.24394, 4.87312],
						"0.8333": [-41.93352, -49.35315, -16.46859],
						"1.0": [-101.63781, -43.79045, 14.28802],
						"1.1667": [-49.94252, -13.35399, -45.53332],
						"1.2083": [-43.26869, -5.74487, -60.48866],
						"1.375": [-39.58, 1.5, -63.28],
						"1.625": [-39.58, 1.5, -63.28],
						"1.8333": [-80, -55, 0],
						"2.0": [-80, -55, 0]
					},
					"position": {
						"0.0": [4.5, -0.8, -7.55],
						"0.0417": [4.5, -1.00536, -7.71771],
						"0.0833": [4.5, -1.74522, -8.32193],
						"0.125": [4.5, -2.85478, -9.22807],
						"0.1667": [4.5, -3.59464, -9.83229],
						"0.2083": [4.5, -3.8, -10],
						"0.25": [4.37943, -4.20513, -10.15434],
						"0.2917": [4.06083, -5.27562, -10.56214],
						"0.3333": [3.61777, -6.76428, -11.12925],
						"0.375": [3.13223, -8.39572, -11.75075],
						"0.4167": [2.68917, -9.88438, -12.31786],
						"0.4583": [2.37057, -10.95487, -12.72566],
						"0.5": [2.25, -11.36, -12.88],
						"0.625": [0.2, -13.8, -11.94],
						"0.8333": [5.2, -8.8, -5.94],
						"0.9583": [5.4, -4.8, -9.5],
						"1.0": [6, -3.91, -9.6],
						"1.1667": [3.5, -8, -9.8],
						"1.2083": [4.72, -6.9, -9.56],
						"1.375": [4.6, -4.95, -8.6],
						"1.5": [4.6, -5.33, -8.6],
						"1.625": [2.5, -9.5, -6],
						"1.6667": [2.57, -8.68, -7.03],
						"1.8333": [2.85, -0.4, -6.17],
						"2.0": [2.85, -0.4, -6.17]
					},
					"scale": {
						"0.0": [0.75, 1.25, 0.75],
						"2.0": [0.75, 1.25, 0.75]
					}
				},
				"extra_ammo": {
					"rotation": {
						"0.0": [0, 0, 0],
						"1.0": [0, 0, 0],
						"1.1667": [0, 0, -100],
						"1.375": [0, 0, -95],
						"1.5": [0, 0, -100],
						"2.0": [0, 0, -152.5]
					},
					"position": {
						"0.0": [0, 0, 0],
						"0.5417": [0, 0, 0],
						"0.75": [0, 0, 0],
						"0.8333": [0, 0, 0],
						"0.9583": [0, -2, 0],
						"1.0": [0, -3, 0],
						"1.0417": [0.5, -2.25, 0.95],
						"1.0833": [-0.6, -0.5, 1],
						"1.125": [-2.3, -0.25, 0.5],
						"1.1667": [-6, 0, 0],
						"1.375": [-6, 3.5, 0],
						"1.5": [-6, 3, 0],
						"1.625": [-8.25, -1.52, 2.25],
						"1.6667": [-9, -1.7, 3],
						"2.0": [-12, -10, 0]
					}
				}
			}
		},
		"reload": {
			"animation_length": 2,
			"bones": {
				"gun": {
					"rotation": {
						"0.0": [0, 0, 0],
						"0.25": [-22.7512, -9.58952, 17.82361],
						"0.4167": [-58.14704, -22.4771, 37.06816],
						"0.5": [-60.65, -22.48, 37.07],
						"0.6667": [59.40576, 1.91509, -1.5356],
						"0.7083": [61.73634, 6.27455, -4.00167],
						"0.8333": [59.99407, -2.77293, -5.05523],
						"0.9583": [36.80442, -6.61045, 0.98614],
						"1.0833": [-11.46018, -5.16663, 8.3891],
						"1.1667": [-27.15094, -9.61533, 16.29021],
						"1.2917": [-30.54026, -16.42337, 19.80277],
						"1.375": [-39.98506, -15.00279, 26.83285],
						"1.4583": [-17.32584, -13.32402, 10.44453],
						"1.6667": [-15.0197, -15.70936, 11.21771],
						"1.75": [-27.78847, -17.49736, 1.44784],
						"2.0": [0, 0, 0]
					},
					"position": {
						"0.0": [0, 0, 0],
						"0.25": [1, -1, 0.5],
						"0.5": [1, -0.67, 1.17],
						"0.6667": [1, -1, 2],
						"0.7083": [1, -1, 2.5],
						"0.8333": [1, 0, 1.5],
						"0.9583": [1, 0, 1.5],
						"1.0833": [1, 1, 1.5],
						"1.2917": [0.5, 1, 1.5],
						"1.375": [1, 1.5, 2.5],
						"1.4583": [0.5, 1, 1],
						"1.6667": [0.5, 2, 0.8],
						"1.75": [0.5, 1.5, 2],
						"2.0": [0, 0, 0]
					}
				},
				"ammo": {
					"rotation": {
						"0.0": [0, 0, 0],
						"1.0": [0, 0, 0],
						"1.0417": [0, 17.5, 0],
						"1.2083": [0, 2.5, 0],
						"1.375": [0, 0, 0]
					},
					"position": {
						"0.0": [0, 0, 0],
						"0.625": [0, 0, 0],
						"0.6667": [0, -3, 0],
						"0.7917": [0, -12, 0],
						"1.0": [0, -67, -36],
						"1.0417": [0, -4, -5],
						"1.2083": [-1, -3, 0],
						"1.375": [0, 0, 0]
					}
				},
				"left_arm": {
					"rotation": {
						"0.0": [-80, -55, 0],
						"0.125": [-80, -55, 0],
						"0.3333": [-60.98103, -55.53248, -23.69965],
						"1.0417": [-97.12107, -60.08174, 18.43918],
						"1.2083": [-88.38587, -60.32278, 8.37949],
						"1.375": [-88.39, -60.32, 8.38],
						"1.5": [-56.29951, -76.70309, 6.78557],
						"1.625": [-71.45522, -69.91494, 22.2393],
						"1.7083": [-92.72387, -63.74479, 30.82149],
						"1.75": [-82.16, -62.5, 26.42],
						"1.7917": [-75.43065, -63.67599, 20.71283],
						"1.875": [-88.30862, -66.24125, 13.62417],
						"2.0": [-80, -55, 0]
					},
					"position": {
						"0.0": [4.85, -0.85, -7.8],
						"0.125": [4.85, -0.85, -7.8],
						"0.3333": [6.85, -7.36, -8.17],
						"0.625": [0.85, -16.36, -44.17],
						"1.0": [3.85, -16.36, -9.17],
						"1.0417": [8.6, -5, -10.2],
						"1.2083": [6.85, -3.36, -5.8],
						"1.375": [7.7, -1.36, -6],
						"1.5": [5.85, -4.36, -8.8],
						"1.625": [4.34, -4.5, -5.55],
						"1.7083": [5, -1.8, -7],
						"1.75": [5.21, -3.99, -7.27],
						"1.7917": [4.21, -3.99, -7.5],
						"1.875": [5.84, -0.56, -8.07],
						"2.0": [4.85, -0.85, -7.8]
					},
					"scale": {
						"0.0": [0.75, 1.25, 0.75],
						"2.0": [0.75, 1.25, 0.75]
					}
				},
				"extra_ammo": {
					"rotation": {
						"0.0": [0, 0, 0],
						"1.0": [0, 0, 0],
						"1.0417": [0, 17.5, 0],
						"1.2083": [0, 2.5, 0],
						"1.375": [0, 0, 0]
					},
					"position": {
						"0.0": [0, 0, 0],
						"0.625": [0, 0, 0],
						"0.6667": [0, -3, 0],
						"0.7917": [0, -12, 0],
						"1.0": [0, -67, -25],
						"1.0417": [0, -4, -5],
						"1.2083": [-1, -3, 0],
						"1.375": [0, 0, 0]
					}
				}
			}
		}
	}
}