{
	"format_version": "1.8.0",
	"animations": {
		"reload": {
			"animation_length": 2,
			"bones": {
				"gun": {
					"rotation": {
						"0.0": [0, 0, 0],
						"0.2083": [-22.7512, -9.58952, 17.82361],
						"0.4167": [-58.14704, -22.4771, 37.06816],
						"0.5": [-60.65, -22.48, 37.07],
						"0.6667": [59.40576, 1.91509, -1.5356],
						"0.7083": [61.73634, 6.27455, -4.00167],
						"0.8333": [59.99407, -2.77293, -5.05523],
						"0.9583": [36.80442, -6.61045, 0.98614],
						"1.0833": [-11.46018, -5.16663, 8.3891],
						"1.1667": [-27.15094, -9.61533, 16.29021],
						"1.2917": [-30.54026, -16.42337, 19.80277],
						"1.375": [-39.98506, -15.00279, 26.83285],
						"1.4583": [-17.32584, -13.32402, 10.44453],
						"1.6667": [-15.0197, -15.70936, 11.21771],
						"1.75": [-27.78847, -17.49736, 1.44784],
						"2.0": [0, 0, 0]
					},
					"position": {
						"0.0": [0, 0, 0],
						"0.2083": [-1, -1, 0.5],
						"0.5": [0.5, -0.67, 1.17],
						"0.6667": [-1, -1, 2],
						"0.7083": [-1.5, -1, 2.5],
						"0.8333": [-0.7, 0, 1.5],
						"0.9583": [-0.35, 0, 1.5],
						"1.0833": [-1.1, 1, 1.5],
						"1.2917": [-0.8, 1, 1.5],
						"1.375": [-1, 1.5, 2.5],
						"1.4583": [-0.6, 1, 1],
						"1.6667": [-0.5, 2, 0.8],
						"1.75": [0.5, 1.5, 2],
						"2.0": [0, 0, 0]
					}
				},
				"ammo": {
					"rotation": {
						"0.0": [0, 0, 0],
						"1.0": [0, 0, 0],
						"1.0417": [0, 17.5, 0],
						"1.2083": [0, 2.5, 0],
						"1.375": [0, 0, 0],
						"2.0": [0, 0, 0]
					},
					"position": {
						"0.0": [0, 0, 0],
						"0.625": [0, 0, 0],
						"0.6667": [0, -3, 0],
						"0.7917": [0, -12, 0],
						"1.0": [0, -67, -36],
						"1.0417": [2, -4, -4.5],
						"1.2083": [0, -3, 0.25],
						"1.375": [0, 0, 0],
						"2.0": [0, 0, 0]
					}
				},
				"extra_ammo": {
					"rotation": {
						"0.0": [0, 0, 0],
						"1.0": [0, 0, 0],
						"1.0417": [0, 17.5, 0],
						"1.2083": [0, 2.5, 0],
						"1.375": [0, 0, 0],
						"2.0": [0, 0, 0]
					},
					"position": {
						"0.0": [0, 0, 0],
						"0.625": [0, 0, 0],
						"0.6667": [0, -3, 0],
						"0.7917": [0, -12, 0],
						"1.0": [0, -67, -25],
						"1.0417": [2, -4, -4.5],
						"1.2083": [0, -3, 0.25],
						"1.375": [0, 0, 0],
						"2.0": [0, 0, 0]
					}
				},
				"left_arm": {
					"rotation": {
						"0.0": [-80, -55, 0],
						"0.125": [-80, -55, 0],
						"0.3333": [-60.98103, -55.53248, -23.69965],
						"1.0417": [-97.12107, -60.08174, 18.43918],
						"1.2083": [-88.38587, -60.32278, 8.37949],
						"1.375": [-88.39, -60.32, 8.38],
						"1.5": [-56.29951, -76.70309, 6.78557],
						"1.625": [-66.45522, -69.91494, 22.2393],
						"1.7083": [-92.72387, -63.74479, 30.82149],
						"1.75": [-82.16, -62.5, 26.42],
						"1.7917": [-75.43065, -63.67599, 20.71283],
						"1.875": [-88.30862, -66.24125, 13.62417],
						"2.0": [-80, -55, 0]
					},
					"position": {
						"0.0": [4, 0.3, -7.46],
						"0.125": [4, 0.3, -7.46],
						"0.3333": [6.85, -7.36, -8.17],
						"0.625": [0.85, -16.36, -44.17],
						"1.0": [3.85, -16.36, -9.17],
						"1.0417": [8.6, -5, -10.2],
						"1.2083": [6.85, -3.36, -5.8],
						"1.375": [6.85, -1.36, -6.4],
						"1.5": [5.85, -4.36, -8.8],
						"1.625": [2.34, -4.5, -5.55],
						"1.7083": [4.1, -1.5, -7],
						"1.75": [3.21, -2.7, -7.27],
						"1.7917": [4.21, -3.99, -7.5],
						"1.875": [5.84, -0.56, -8.07],
						"2.0": [4, 0.3, -7.46]
					},
					"scale": {
						"0.0": [0.75, 1.25, 0.75],
						"2.0": [0.75, 1.25, 0.75]
					}
				}
			}
		},
		"tacreload": {
			"animation_length": 2,
			"bones": {
				"gun": {
					"rotation": {
						"0.0": [0, 0, 0],
						"0.25": [56.50368, 3.12794, 21.05312],
						"0.375": [54.22862, 2.4801, 24.60659],
						"0.4583": [49.17504, 0.84638, 22.71671],
						"0.75": [-28.34133, -16.42951, 27.90206],
						"0.9167": [-46.6142, -11.64594, 31.0644],
						"1.0": [-41.84601, -22.098, 23.53957],
						"1.125": [-46.3, -17, 29.38],
						"1.2083": [-57.18212, -21.83201, 32.35875],
						"1.375": [-54.43546, -30.11056, 26.11391],
						"1.4583": [-61.05128, -20.98266, 35.96355],
						"1.5417": [-50.71486, -22.52802, 28.62105],
						"1.7083": [-28.72739, -19.97896, 22.9158],
						"1.8333": [-13.19259, -9.89673, 15.31899],
						"2.0": [0, 0, 0]
					},
					"position": {
						"0.0": [0, 0, 0],
						"0.25": [-1, 1, 0],
						"0.375": [-1.2, 0.6, 0.5],
						"0.4583": [-1.5, -0.4, 1.5],
						"0.75": [-2, -1.25, 1.3],
						"0.9167": [-2, -0.25, 1.3],
						"1.3333": [-2, 0.75, 0.85],
						"1.375": [-2, 0.75, 0.85],
						"1.4583": [-2.2, 0.5, 1],
						"1.5417": [-1.5, 1, 1],
						"1.7083": [-1, 0.5, 0.5],
						"1.8333": [-0.43, 0.3, 0.5],
						"2.0": [0, 0, 0]
					}
				},
				"ammo": {
					"rotation": {
						"0.0": [0, 0, 0],
						"0.9167": [0, 0, 0],
						"1.125": [0, 0, 0],
						"1.2083": [0, 0, -32.5],
						"2.0": [0, 0, -32.5]
					},
					"position": {
						"0.0": [0, 0, 0],
						"0.9167": [0, 0, 0],
						"1.125": [0, -2, 0],
						"1.2083": [-0.2, -2.3, 0.8],
						"1.4583": [-0.3, -0.5, 0.2],
						"1.5417": [-0.35, -0.5, -2.6],
						"1.625": [-0.3, -2.5, -2.4],
						"1.75": [4.7, -9.5, -1.4],
						"2.0": [-0.3, -10.5, -2.4]
					}
				},
				"extra_ammo": {
					"rotation": {
						"0.0": [0, 0, 27.5],
						"0.625": [2.57816, 7.04533, 47.65874],
						"0.9167": [-0.65774, 7.4763, 22.45807],
						"1.1667": [-0.66, 7.48, 22.46],
						"1.2917": [0, 0, 0],
						"2.0": [0, 0, 0]
					},
					"position": {
						"0.0": [4, -12, -8],
						"0.375": [6, -3, -13],
						"0.4583": [1.5, 0.25, -10.7],
						"0.7083": [0, 1, -4.2],
						"0.9167": [0.4, -0.4, -1],
						"1.1667": [0.4, -2.4, -1],
						"1.2917": [0.1, -2.4, 0],
						"1.4583": [0, 0, 0],
						"1.625": [0, 0, 0],
						"2.0": [0, 0, 0]
					}
				},
				"left_arm": {
					"rotation": {
						"0.0": [-80, -55, 0],
						"0.375": [-84.26572, -59.97821, -0.86991],
						"0.5833": [-74.27, -59.98, -0.87],
						"0.875": [-65.68757, -62.40827, -2.105],
						"1.125": [-65.69, -62.41, -2.11],
						"1.2083": [-70.69, -62.41, -2.11],
						"1.4583": [-67.77, -65.56, -5.31],
						"1.5417": [-56.81163, -71.80546, -14.37949],
						"1.625": [-64.26049, -69.3502, -9.14019],
						"1.8333": [-64.2648, -62.55955, -5.6714],
						"2.0": [-80, -55, 0]
					},
					"position": {
						"0.0": [4, 0.3, -7.46],
						"0.25": [4, 4.3, -12.46],
						"0.375": [13, -3, -19],
						"0.6667": [6.5, -1.3, -10.4],
						"0.9167": [6, -4.3, -5.5],
						"1.125": [6, -6.3, -5.3],
						"1.2083": [6, -5.3, -4.3],
						"1.4583": [6, -3.3, -4.1],
						"1.5417": [6, -4.3, -5],
						"1.625": [6.4, -5.3, -5.66],
						"1.75": [10.4, -12.3, -5.66],
						"1.8333": [4.4, -2.25, -5.25],
						"2.0": [4, 0.3, -7.46]
					},
					"scale": {
						"0.0": [0.75, 1.25, 0.75],
						"2.0": [0.75, 1.25, 0.75]
					}
				}
			}
		}
	}
}